tconst,averageRating,numVotes
tt0076759,8.6,1350989
tt0079470,8.0,398157
tt0111161,9.3,2645092
tt1375666,8.8,2319402
tt0086190,8.3,1043761
tt0080684,8.7,1278383
tt0167260,9.0,1821133
tt0102926,8.6,1413817
tt0105236,8.3,1007903
tt0137523,8.8,2089735
tt0120737,8.8,1846735
tt0110912,8.9,2024164
tt0167261,8.8,1644434
tt0482571,8.5,1318325
tt1504320,8.0,678137
tt0068646,9.2,1833611
tt0468569,9.0,2616970
tt0050083,9.0,780979
tt0108052,9.0,1340799
tt0073486,8.7,999026
tt0099685,8.7,1146030
tt0109830,8.8,2047973
tt0114369,8.6,1627779
tt0064116,8.5,327734
tt0114814,8.5,1076032
tt0034583,8.5,567743
tt0047396,8.5,488249
tt0054215,8.5,665373
tt0120586,8.5,1112845
tt0027977,8.5,241248
tt1345836,8.4,1685736
tt1853728,8.4,1531048
tt0169547,8.4,1146184
tt0032553,8.4,223149
tt0071562,9.0,1256767
tt0407887,8.5,1311124
tt4154756,8.4,1058434
tt7286456,8.4,1246222
tt4154796,8.4,1104132
tt2106476,8.3,326949
tt0338013,8.3,997777
tt0093058,8.3,736862
tt0066921,8.3,823004
tt0208092,8.2,849508
tt0059578,8.2,255790
tt0372784,8.2,1454676
tt0268978,8.2,925709
tt0117951,8.1,683023
tt1205489,8.1,771534
tt2278388,8.1,799153
tt2119532,8.1,517995
tt0058461,7.9,217002
tt0060196,8.8,755052
tt0082176,7.5,25593
tt0088847,7.8,395711
tt0091042,7.8,356309
tt0094291,7.3,155821
tt1027718,6.2,103120
tt0097351,7.5,119842
tt0102059,6.7,108709
tt0107144,6.6,91425
tt0114746,8.0,615606
tt0112641,8.2,515791
tt0117665,7.5,222123
tt0117887,6.9,69287
tt0147612,7.7,70500
tt0120735,8.2,578996
tt0147800,7.3,339660
tt0139134,6.8,192204
tt3228774,7.3,230080
tt0151804,7.7,266446
tt0144084,7.6,599447
tt0180093,8.3,834881
tt0246578,8.0,795639
tt0212985,6.8,274597
tt0227984,6.3,49549
tt0264464,8.1,966901
tt7131622,7.6,720727
tt0238380,7.3,329571
tt0116282,8.1,673802
tt0121766,7.6,784832
tt0120915,6.5,799616
tt0121765,6.6,705703
tt0947798,8.0,760183
tt0327056,7.9,454961
tt0758758,8.1,620198
tt0302886,7.0,232269
tt1229340,6.3,181965
tt0357413,7.1,356562
tt0361862,7.7,388497
tt0385002,7.4,151306
tt0416320,7.6,218156
tt0848228,8.0,1378760
tt2584384,7.9,382480
tt0414387,7.8,294603
tt0401792,8.0,766972
tt13143964,6.6,140060
tt0443453,7.3,407492
tt0460740,7.1,87498
tt0443543,7.6,372240
tt3315342,8.1,751838
tt0765443,7.6,242976
tt2582496,7.7,131887
tt1877832,7.9,708700
tt0477348,8.2,961417
tt0833960,6.8,4446
tt1032755,7.2,252121
tt1022603,7.7,512670
tt1270798,7.7,689747
tt1276104,7.4,573808
tt1152836,7.0,302987
tt1321509,5.7,50390
tt1179034,6.4,117606
tt1403177,6.9,52583
tt0800369,7.0,842523
tt1055292,6.5,132504
tt1800241,7.2,477497
tt0443272,7.3,260572
tt5052474,7.1,147334
tt5463162,7.7,572584
tt2395427,7.3,854054
tt0458481,6.5,162202
tt1409024,6.8,362266
tt1403865,7.6,338309
tt1596363,7.8,427103
tt0985694,6.6,197793
tt2002718,5.6,79360
tt1130884,8.2,1291946
tt1440292,7.3,91069
tt1037705,6.8,317809
tt0964517,7.8,366502
tt1637725,6.9,611844
tt2637276,6.3,209156
tt0918927,7.5,129719
tt1458175,7.3,197196
tt0458339,6.9,837705
tt1843866,7.8,836939
tt1219289,7.4,570474
tt1486185,5.4,112494
tt1318514,7.6,527104
tt1212450,7.2,242330
tt1291584,8.2,470294
tt0810922,6.3,53608
tt1645080,6.5,59156
tt2179136,7.3,485014
tt1045658,7.7,706221
tt1951261,5.8,314505
tt1790886,6.1,131737
tt1605630,6.7,214629
tt1645170,6.4,305903
tt0903624,7.8,821048
tt1170358,7.8,657851
tt2310332,7.4,527751
tt1596365,6.4,183725
tt1840417,7.0,78461
tt2229499,6.5,239940
tt1321870,6.7,215800
tt2975590,6.4,694938
tt3063516,6.5,95377
tt1937390,6.9,124449
tt2382009,6.6,92772
tt0770828,7.1,764735
tt1979320,8.1,477015
tt2103281,7.6,440335
tt3765088,6.7,2046
tt0470752,7.7,540830
tt2488496,7.8,923925
tt3397884,7.6,426382
tt4172430,7.3,142300
tt3748440,5.7,15863
tt1431045,8.0,1022824
tt3748528,7.8,625151
tt2527336,6.9,625984
tt2763304,7.2,124323
tt6336270,5.6,1793
tt2562232,7.7,626383
tt1306980,7.6,330271
tt5723272,7.1,33129
tt4943998,7.4,23149
tt0556311,8.3,1369
tt0556305,8.5,1324
tt0556294,8.1,1262
tt0556281,8.1,1261
tt0556282,9.0,1474
tt0556283,8.1,1233
tt0556284,8.1,1245
tt0556285,8.0,1246
tt0556290,8.2,1253
tt0828738,8.7,1272
tt0770857,8.9,1324
tt0828739,8.4,1438
tt2349740,8.2,3161
tt2573020,8.0,2404
tt2598996,8.0,2231
tt2637674,8.1,2103
tt2637678,7.9,1975
tt2637676,8.6,2107
tt2637680,7.9,1913
tt2637682,7.9,1847
tt2737870,8.4,1898
tt2737872,8.3,1857
tt2737876,8.2,1744
tt2737880,9.0,2315
tt2726822,8.4,1714
tt3459856,7.9,1561
tt3459862,7.9,1533
tt3459860,8.0,1518
tt3459858,8.2,1560
tt3459866,8.0,1483
tt3459864,7.9,1438
tt3533366,8.0,1436
tt3553756,8.5,1568
tt3594864,8.0,1372
tt3594870,8.1,1376
tt3594868,8.2,1368
tt3599846,8.8,1682
tt3672866,8.1,1430
tt0993846,8.2,1382612
tt0361748,8.3,1427956
tt0133093,8.7,1891905
tt1343092,7.2,540138
tt0840361,7.5,389296
tt0181689,7.7,548976
tt3029774,7.9,2107
tt3669680,8.3,1988
tt3678086,8.5,2055
tt3680402,8.5,1931
tt3709284,8.5,1992
tt3709286,8.9,2272
tt3740788,9.5,3280
tt3239886,8.1,2089
tt3868862,7.8,1933
tt3908430,8.3,1956
tt3908436,9.0,2274
tt3783560,9.1,2453
tt3756834,9.3,4169
tt2470504,7.6,2171
tt2649564,7.7,2006
tt2551222,7.8,1953
tt2560864,8.0,1924
tt2717848,8.2,2035
tt2717850,8.8,2343
tt2663614,7.9,1915
tt2882250,8.6,2490
tt2882248,8.3,2006
tt2939966,8.1,1863
tt2939964,8.7,2104
tt2939970,8.5,1908
tt2939968,9.1,2449
tt2049166,9.4,2984
tt2048448,8.5,2420
tt2049168,8.5,2148
tt2049169,7.8,2037
tt2049170,8.6,2225
tt2049171,9.0,2692
tt2049172,9.1,2957
tt2049174,8.2,2043
tt2049164,8.2,2029
tt2049165,9.4,3150
tt2049167,8.6,2267
tt1615656,8.5,2342
tt1615661,8.2,2098
tt1615662,8.6,2281
tt1615663,8.2,2080
tt1615664,8.6,2179
tt1615665,8.6,2198
tt1615666,9.7,5595
tt1615667,8.6,2263
tt1615668,8.8,2290
tt1615657,8.7,2088
tt1615658,8.3,1947
tt1615659,8.8,2132
tt1615660,9.0,2462
tt1439792,8.2,2278
tt1449612,7.8,2099
tt1484415,8.1,2244
tt1484416,8.0,2101
tt1484417,8.0,2120
tt1484435,9.1,2890
tt1472778,8.4,2184
tt1484662,8.0,2085
tt1484663,8.2,2046
tt1484249,8.3,2105
tt1484250,9.2,2818
tt1484251,8.9,2439
tt1484414,9.6,4423
tt1118051,7.7,2467
tt1118056,7.9,2386
tt1118057,7.8,2349
tt1118058,8.1,2343
tt1118059,8.3,2382
tt1118060,7.9,2268
tt1118061,8.4,2355
tt1118062,8.3,2313
tt1118063,8.5,2338
tt1118052,7.9,2208
tt1118053,8.3,2466
tt1118054,8.5,2364
tt1118055,8.9,2599
tt1059578,8.1,4732
tt1049715,7.5,3501
tt1049716,7.6,3263
tt1040713,7.9,3074
tt1097127,8.1,3002
tt1042049,7.9,2968
tt1050979,8.1,2833
tt1097128,8.3,2948
tt1097298,8.2,2818
tt1094472,8.2,2725
tt1108366,8.1,2603
tt1102103,9.0,3168
tt1105057,9.0,3413
tt11033898,7.9,5777
tt11610548,8.5,5354
tt11610550,8.1,4750
tt11610552,8.2,4716
tt11610556,9.3,6939
tt11610558,8.6,4634
tt11610562,9.0,5346
tt10161330,8.6,29506
tt10161334,8.7,26454
tt10161336,7.7,24151
tt10161340,9.0,25234
tt10161338,8.9,21841
tt10161342,8.6,21848
tt0790636,7.9,485743
tt5516154,8.3,66911
tt5822200,8.0,2009
tt5822202,8.2,1929
tt5822478,8.2,1834
tt5822482,7.9,1747
tt5807790,8.2,1831
tt7664718,8.9,2498
tt5761072,8.0,2378
tt0118715,8.1,802411
tt4183010,7.9,1347
tt2699128,8.3,97591
tt7984766,7.3,127939
tt3203968,7.9,6023
tt3603056,7.4,4898
tt3631218,8.8,5917
tt3594942,7.6,4436
tt3630790,8.2,4418
tt3666322,8.8,4996
tt3725022,8.0,4160
tt3725024,8.7,4613
tt3721722,9.1,5507
tt3721724,9.3,6182
tt3955000,8.4,4675
tt4547200,8.8,4406
tt4550136,8.4,4237
tt4550146,8.6,4095
tt4550148,9.0,4784
tt4550864,9.0,4492
tt4550868,9.6,8610
tt4550870,8.6,4213
tt4510954,9.5,7809
tt4550866,9.3,5550
tt5262534,8.9,4633
tt5337978,8.8,4075
tt5337984,8.6,4268
tt5338010,9.2,4842
tt5338022,8.8,4243
tt5338034,9.0,4275
tt5338040,9.3,5784
tt5338044,9.5,7383
tt4303066,8.3,1390
tt5770168,8.4,7890
tt5974776,8.1,6120
tt6021898,7.6,5702
tt6021900,8.0,5396
tt6021904,7.9,5191
tt6021906,8.0,5123
tt6021918,8.0,5050
tt6021922,7.5,5622
tt6021926,8.7,5614
tt6021928,9.1,7031
tt7258794,8.2,4696
tt7757530,8.0,4240
tt8014750,7.8,4135
tt7831074,8.1,4100
tt8014756,8.7,4618
tt7986260,8.5,4185
tt8014758,8.4,4433
tt8022752,8.2,3927
tt8022760,8.6,4197
tt8022768,8.9,4752
tt9108660,8.1,4519
tt9108662,8.4,4280
tt9108664,8.4,4169
tt9108666,8.5,4162
tt9108670,8.1,3918
tt9108676,8.5,4064
tt9108674,8.2,3959
tt9108678,8.7,4607
tt9108686,9.3,7613
tt9108684,9.4,7899
tt2161930,8.5,7985
tt2250466,8.5,6397
tt2248444,8.2,5710
tt2248422,8.1,5379
tt2294870,8.4,5238
tt2311910,8.5,5218
tt2311926,8.1,4911
tt2312714,7.6,5111
tt2248426,8.4,4831
tt2468204,8.7,4888
tt2440660,9.0,5345
tt2555986,8.5,4711
tt2555988,8.8,5133
tt2811510,9.5,8994
tt3221190,8.3,4524
tt2990016,8.4,4371
tt3001906,9.0,4905
tt3001926,8.2,4175
tt3221232,8.3,4050
tt3147682,8.3,4042
tt3147690,8.5,4031
tt1670345,7.2,655214
tt3186026,8.9,4309
tt3221270,8.3,3961
tt3297502,8.6,4298
tt3326204,8.8,4131
tt3326208,9.5,6794
tt0265208,6.7,225370
tt3513862,8.0,4530
tt3892086,8.4,4086
tt3892088,8.5,4334
tt3892094,8.2,3869
tt3897442,8.1,3740
tt3897454,9.0,5237
tt3918768,8.1,3802
tt4083028,8.2,3632
tt4035250,8.3,3620
tt4128566,8.1,3594
tt4128572,9.0,4174
tt4128574,8.7,3759
tt4221826,8.9,4715
tt4498368,7.9,3991
tt4817660,8.2,3602
tt4817664,8.8,3762
tt4817670,9.3,4509
tt4949018,8.4,3408
tt4949028,8.5,3518
tt5025272,8.4,3356
tt5095720,8.1,3228
tt5083704,8.7,3394
tt5095730,9.2,4338
tt5095732,8.3,3280
tt5095742,8.7,3402
tt5095748,9.4,6182
tt0480249,7.2,751955
tt1119646,7.7,779855
tt11193428,9.1,5513
tt11193420,8.6,4444
tt11193418,8.7,4783
tt11156378,9.0,5608
tt11046490,8.5,4771
tt11044160,8.9,5342
tt11044158,8.3,4999
tt10989892,8.5,5174
tt10989890,8.1,5176
tt10989880,7.8,5712
tt1467481,7.6,5167
tt1503241,7.7,4497
tt1480354,8.1,4440
tt1527326,8.0,4091
tt1515325,7.6,3850
tt1515324,7.7,3917
tt1528909,8.6,4484
tt1531446,7.8,3767
tt1544667,8.1,3819
tt1531175,8.7,4528
tt1550378,7.8,3660
tt1559103,8.3,3946
tt1575766,7.9,3783
tt1584204,7.8,3598
tt1593849,8.0,3593
tt1593848,8.4,3743
tt1594619,8.9,4646
tt1612641,7.9,3588
tt1582821,8.3,3791
tt1619954,8.3,3690
tt1628912,9.2,5902
tt1628913,7.8,3747
tt1595996,9.8,12487
tt1628195,8.1,3503
tt1652486,8.4,3796
tt1640852,8.6,4025
tt1640868,8.2,3630
tt1640863,8.0,3515
tt1640869,8.6,4199
tt1640874,9.4,5965
tt1640870,7.7,3908
tt1640871,9.2,5799
tt1640872,8.4,3993
tt1640873,9.0,4921
tt1640854,8.6,5253
tt1640855,7.9,3354
tt1640853,8.4,3912
tt1640856,7.8,3454
tt1824317,9.5,6646
tt1640857,7.9,3437
tt1640858,8.7,3985
tt1640860,8.1,3539
tt1640861,7.3,3308
tt1640862,8.9,4640
tt1640864,7.5,3263
tt1640865,9.0,4640
tt1640866,7.9,3278
tt1640867,9.6,7538
tt1862636,9.5,6141
tt1986325,8.0,3519
tt2060962,8.0,3474
tt2063144,7.9,3472
tt2060963,9.8,11826
tt2063145,8.7,4087
tt2049724,7.6,3383
tt2083482,8.5,3701
tt2083483,9.0,4567
tt2080563,8.3,3580
tt2105238,8.5,4213
tt2117096,7.6,3272
tt2090774,7.9,3338
tt2128972,8.1,3372
tt2127579,9.3,5591
tt2194835,8.0,3318
tt2194837,8.5,3762
tt2194839,9.4,5596
tt2192103,8.1,3228
tt2196353,9.1,4318
tt2383315,9.4,5745
tt2279599,9.0,3987
tt2383317,8.7,3590
tt2295962,7.2,3632
tt2371360,7.5,3257
tt2672790,7.2,3213
tt2699318,7.0,3039
tt2712482,7.4,3076
tt2717182,7.5,2978
tt2764048,6.7,3034
tt2777464,7.8,3241
tt2791144,6.8,3529
tt2578322,7.5,2995
tt2522288,7.9,3109
tt2560884,8.1,3326
tt2855096,7.7,3186
tt2911368,7.7,3432
tt3176520,8.4,3486
tt3230996,9.0,4456
tt3278566,9.2,4482
tt3278574,9.4,5043
tt3278580,8.1,3147
tt3278586,7.7,2834
tt3278596,8.9,4090
tt3278600,7.9,2942
tt3313070,8.3,3151
tt3313074,7.8,3212
tt3313076,7.6,2654
tt3313082,8.1,2781
tt4242870,7.6,2713
tt4242872,7.9,2831
tt4242876,7.5,2596
tt4242880,7.4,2653
tt4242884,7.2,2632
tt4242890,7.7,2683
tt4242886,7.5,2619
tt4242896,8.8,3407
tt4242898,8.5,3127
tt3898640,9.4,5835
tt4242868,7.4,2875
tt4242892,7.4,2648
tt3840022,7.6,3060
tt4259458,8.0,1313
tt4228750,8.1,1303
tt4259460,8.0,1305
tt4277628,8.4,1326
tt0469494,8.2,581781
tt4257820,8.1,1271
tt4343722,8.9,1644
tt4331672,9.0,1687
tt6412452,7.3,146579
tt5364812,8.1,1765
tt5426706,7.8,1234
tt5429960,8.0,1113
tt5448634,7.9,1002
tt5448638,8.0,950
tt5448644,8.0,921
tt5448646,8.5,974
tt5448648,8.5,973
tt7399024,7.7,797
tt7607990,7.7,675
tt7608112,8.1,652
tt7806416,7.9,615
tt7806424,8.0,597
tt0664521,7.3,8413
tt0664514,8.1,8290
tt0453451,6.4,126407
tt0664517,7.6,6904
tt0330373,7.7,619707
tt1201607,8.1,865591
tt0295297,7.4,627785
tt0926084,7.7,542855
tt0417741,7.6,539236
tt0373889,7.5,575527
tt0090859,5.8,73456
tt0241527,7.6,768382
tt0278784,8.9,15431
tt0734840,8.3,5400
tt0734843,8.9,5698
tt0734831,8.2,4791
tt0734837,8.1,4598
tt0734818,8.4,4498
tt0734830,8.5,4392
tt0734835,9.0,4883
tt0664523,7.9,6668
tt0664510,8.3,7403
tt0664518,7.6,6590
tt0664525,8.6,7427
tt0664522,8.1,6377
tt0664519,8.2,6285
tt0664527,8.2,6186
tt0664516,8.0,5831
tt0664526,8.0,5838
tt0664524,8.5,6158
tt0664520,8.0,5550
tt0664515,8.2,5710
tt0664513,8.7,6307
tt0664511,8.5,6099
tt0664528,9.0,7274
tt0756967,8.1,5421
tt0756966,7.7,5352
tt0664512,8.0,5327
tt0763221,8.2,5346
tt0770626,8.3,5674
tt0779510,8.2,5536
tt0776249,8.0,5323
tt0795874,8.2,5409
tt0796140,8.6,5551
tt0800604,9.3,7922
tt0859444,8.9,7169
tt0859445,8.0,5217
tt5734500,9.2,6385
tt5924012,8.5,3658
tt6099382,8.6,3419
tt6085956,8.7,3409
tt6098130,8.6,3284
tt6072420,8.5,2789
tt6115024,8.5,2695
tt6072390,9.0,3325
tt6034056,8.6,2903
tt6115034,8.9,3098
tt6142654,8.3,2446
tt6142658,8.9,3065
tt6142662,8.6,2767
tt6142660,8.2,2339
tt6142664,8.9,2958
tt6142668,9.5,4842
tt6142666,8.9,2758
tt6142670,8.6,2553
tt4916994,8.0,1135
tt5580068,8.0,805
tt5580070,8.0,745
tt5580074,8.0,686
tt5580080,8.1,667
tt5580088,8.1,613
tt5580090,8.4,652
tt5580092,8.3,622
tt5580094,8.9,707
tt5580096,9.0,758
tt0720143,8.0,1729
tt0757760,8.0,1398
tt0720167,7.7,1311
tt0720072,7.8,1173
tt0720175,7.8,1171
tt0720075,7.6,1215
tt0720184,8.1,1277
tt0776257,8.0,1237
tt0720170,7.4,1116
tt0720074,8.1,1322
tt0720179,7.9,1127
tt0720161,7.7,1096
tt0720165,7.7,1071
tt0720177,7.8,1160
tt0720087,7.7,1073
tt0720186,8.2,1101
tt0720180,7.9,1105
tt0720145,7.8,1096
tt0720047,8.3,1229
tt0720200,8.1,1111
tt0720146,7.4,1066
tt0720094,8.0,1078
tt0720103,8.1,1120
tt0720183,8.0,1077
tt0777557,7.6,1233
tt0720199,7.8,955
tt0777560,7.7,944
tt0720162,8.0,955
tt0720073,7.6,945
tt0720152,7.6,914
tt0720125,7.6,902
tt0720083,7.5,908
tt0777559,7.7,934
tt0720154,7.7,889
tt0720058,7.8,952
tt0777555,7.8,894
tt0720123,7.8,901
tt0720142,8.1,927
tt0777562,7.7,877
tt0720122,7.5,865
tt0720117,7.3,858
tt0720099,7.5,886
tt0720149,7.8,856
tt0777558,8.1,899
tt0720134,7.9,893
tt0720095,8.1,1053
tt0720192,7.5,981
tt0720153,7.7,984
tt0720089,8.4,1166
tt0720155,8.3,973
tt0720150,8.1,922
tt0720106,7.5,849
tt0720195,8.0,1090
tt0720157,7.6,829
tt0720082,8.5,1065
tt0777556,7.4,810
tt0720116,8.0,861
tt0720105,7.6,821
tt0720112,7.7,820
tt0720205,7.6,797
tt0720086,7.6,815
tt0720065,8.6,1063
tt0720147,7.5,797
tt0720069,7.6,805
tt0720158,7.7,788
tt0720124,8.0,844
tt0720191,7.7,792
tt0720081,7.4,786
tt0720100,7.5,790
tt0720085,7.5,773
tt0720078,7.6,797
tt0720061,8.2,935
tt0720052,7.3,794
tt0720187,7.7,799
tt0720077,7.6,792
tt0720144,7.5,755
tt0720102,7.6,820
tt0720059,7.6,775
tt0720188,7.5,747
tt0720198,7.4,748
tt0720070,7.3,751
tt0777566,7.6,723
tt0720151,7.7,790
tt0720190,7.3,740
tt0720048,7.4,783
tt0720118,7.5,739
tt0720080,8.2,885
tt0720196,7.7,768
tt0720068,7.3,733
tt0720121,7.5,717
tt0720127,7.2,707
tt0720119,7.6,723
tt0720064,8.2,859
tt0758103,8.1,744
tt0720076,7.7,718
tt0720104,8.0,736
tt0720176,7.2,1191
tt0720084,7.5,697
tt0720130,8.0,746
tt0720115,8.0,950
tt0720092,7.7,768
tt0720109,7.5,722
tt0777567,7.6,690
tt0720097,7.6,703
tt0720148,7.4,692
tt0720141,7.5,711
tt0720101,7.5,681
tt0720174,7.7,683
tt0720055,7.6,685
tt0777565,7.5,669
tt0720182,7.3,668
tt0720133,8.0,735
tt0720214,7.5,681
tt0720050,7.5,678
tt0720202,7.5,660
tt0720207,7.5,661
tt0720053,7.4,676
tt0720098,7.6,729
tt0720057,7.4,664
tt0720137,7.3,647
tt0720197,7.3,650
tt0720211,8.0,680
tt0720138,7.6,646
tt0777561,7.8,673
tt0720062,8.2,722
tt0720185,7.5,714
tt0720120,7.4,645
tt0777563,7.6,662
tt0720178,7.5,666
tt0720110,7.3,651
tt0720201,7.5,641
tt0720063,7.6,670
tt0720111,7.3,645
tt0720213,7.6,658
tt0720046,7.5,634
tt0720107,7.3,631
tt0720159,7.3,666
tt0720209,7.3,641
tt0720051,7.5,648
tt0720203,7.2,636
tt0720131,7.6,630
tt0720096,7.6,643
tt0720066,7.3,605
tt0720169,7.2,609
tt0720164,7.6,644
tt0720045,7.2,626
tt0777564,7.9,650
tt0720136,7.3,616
tt0720091,7.3,609
tt0720189,7.5,613
tt4458716,8.0,1232
tt0720194,7.3,622
tt0720128,7.3,610
tt0720108,7.2,599
tt0720054,7.3,594
tt0720114,7.1,585
tt0720156,7.1,593
tt0720135,7.4,686
tt0720049,7.2,627
tt0720210,7.2,610
tt0720171,7.4,607
tt0720208,7.4,598
tt0720067,7.1,640
tt0720060,7.9,684
tt0720168,7.8,634
tt0720113,7.3,638
tt0720140,7.1,597
tt0720071,7.2,597
tt0720139,7.1,592
tt0720206,7.1,575
tt0720090,7.2,579
tt0720044,7.2,604
tt0720043,7.1,604
tt0720173,7.1,591
tt0720160,7.5,613
tt0720193,8.0,704
tt0720056,7.2,709
tt0720163,6.7,653
tt0720212,6.4,643
tt0720132,7.0,671
tt0720088,6.7,632
tt0720093,6.5,596
tt0720204,6.4,599
tt0720172,6.2,611
tt0757761,6.3,583
tt0762534,6.4,588
tt0767644,6.3,592
tt0780946,6.4,573
tt0796168,6.3,577
tt0796169,6.5,584
tt0796167,6.4,576
tt0799370,6.5,612
tt0769458,6.4,592
tt0802894,6.4,579
tt0799723,7.3,695
tt0817466,8.8,1638
tt5866450,8.1,555
tt6340206,8.0,506
tt6351700,7.9,491
tt6374498,8.2,499
tt6378404,8.6,519
tt6378414,8.9,536
tt6378424,8.5,488
tt6378430,8.2,465
tt6378446,8.2,453
tt6351698,8.7,482
tt6887628,8.6,472
tt6887636,8.8,482
tt6975126,9.1,608
tt7186580,8.5,578
tt7880680,8.2,493
tt7941636,8.2,468
tt7967172,8.6,474
tt8054536,8.0,460
tt8111968,8.1,436
tt8111972,8.2,441
tt8111974,8.6,455
tt8227804,8.1,418
tt8292740,8.4,431
tt8329046,8.9,484
tt8367054,8.6,421
tt8368550,8.9,497
tt8652208,8.2,518
tt9421726,8.0,424
tt8993280,8.1,415
tt9783638,8.2,410
tt9881516,8.2,394
tt10061642,8.3,398
tt10061656,8.1,405
tt10061664,9.2,624
tt10111020,8.3,404
tt10242924,8.4,377
tt10728712,8.5,414
tt10544282,9.5,861
tt10740318,8.5,490
tt6439846,8.8,2675
tt6439842,8.4,2225
tt6439850,8.4,2173
tt6439852,8.2,2202
tt6439856,8.3,2371
tt6439858,8.4,2328
tt6439854,8.7,2266
tt6439848,9.2,3082
tt6439860,8.6,2314
tt6439864,8.8,2423
tt6439862,9.2,2670
tt6439866,8.3,2096
tt6439868,9.3,3300
tt6439870,9.7,5974
tt6439884,9.2,2628
tt6439876,8.0,2108
tt6439880,7.8,2276
tt6439882,8.7,2308
tt0868440,8.4,5462
tt0877241,7.9,5217
tt0873237,7.9,5071
tt0888293,7.8,5313
tt0888292,8.5,5241
tt0894520,8.6,5441
tt0900677,8.2,5469
tt0908674,8.7,5764
tt0918835,8.5,5193
tt0934246,8.5,5222
tt0937879,8.7,5474
tt0954759,7.9,5046
tt0962460,8.1,5131
tt0964922,8.8,5945
tt0967814,8.3,5050
tt0983623,8.9,5779
tt0966362,8.6,5354
tt1008441,8.5,5281
tt1020711,8.7,5357
tt1028389,9.0,6186
tt1030253,9.2,6519
tt1026035,8.7,5976
tt1031459,8.1,4959
tt1031470,8.3,4857
tt1031472,8.5,5177
tt1031473,8.6,5338
tt1031474,8.3,4930
tt1031475,8.0,4766
tt1031476,8.6,5066
tt1031477,9.4,9882
tt1031449,7.9,4680
tt1031450,8.5,4892
tt1031451,8.1,4677
tt1031452,7.6,4490
tt1031453,9.2,6654
tt1236462,8.7,5464
tt1248743,8.1,4519
tt1248747,7.8,4527
tt1248748,7.9,4344
tt1248749,7.9,4459
tt1248750,8.4,4657
tt1248751,8.0,4359
tt1248752,8.5,4849
tt1248753,8.6,4782
tt1248733,8.2,4486
tt1248734,8.6,4677
tt1248735,7.9,4486
tt1248736,9.7,14053
tt1248737,8.0,4366
tt1248738,8.0,4300
tt1248739,7.9,4247
tt1248740,8.6,4628
tt1248741,8.2,4334
tt1248742,8.3,4288
tt1248745,8.1,4285
tt1248744,8.6,4688
tt1248746,8.6,4446
tt1268727,9.2,6012
tt1406712,8.1,4255
tt1417507,8.7,5058
tt1417732,8.9,5102
tt1467798,8.7,5043
tt1487740,8.0,4101
tt1487741,7.8,4078
tt1487742,9.2,7298
tt5541236,9.4,6395
tt1520196,7.5,4324
tt1520197,8.5,4517
tt1524878,8.0,4104
tt1531589,8.0,4065
tt1535367,8.6,4926
tt1536326,8.0,4097
tt1544466,8.2,4700
tt1548747,8.4,4317
tt1564719,6.7,5237
tt1564720,7.5,3922
tt1564721,7.9,3859
tt1582153,8.3,4146
tt1582154,8.4,4138
tt1589333,7.5,3818
tt1589334,7.6,3816
tt1589335,8.5,4337
tt1589336,7.7,3821
tt1589337,7.8,3831
tt1589338,8.0,3855
tt1610228,7.6,3696
tt1610229,7.9,3813
tt1691733,8.2,4337
tt1707764,8.1,3974
tt1707765,8.1,4251
tt1707766,7.7,3905
tt1725593,7.6,3814
tt1725594,8.0,3947
tt1724495,7.3,3921
tt1752582,7.7,3886
tt1752583,7.5,3757
tt1752581,8.1,3984
tt1752584,8.9,5014
tt1776740,8.1,4015
tt1810331,7.5,3806
tt1817005,8.4,4219
tt1817006,8.3,4097
tt1817007,9.3,8558
tt1832204,7.3,3750
tt1833194,9.3,6690
tt1833195,7.6,3881
tt1833196,8.9,5537
tt1833197,9.8,15057
tt1848618,7.4,3880
tt1848619,8.6,4225
tt1848620,8.6,4429
tt2000321,7.9,4067
tt2051718,8.0,3850
tt2061513,7.1,3665
tt2072796,8.0,4042
tt2074990,7.4,3612
tt2079359,7.4,3483
tt2077604,7.5,3725
tt2071306,6.7,3715
tt2107510,7.5,3638
tt2113519,7.7,3557
tt2139249,7.7,3537
tt2156255,7.9,3835
tt2181631,7.3,3441
tt2202113,7.7,3539
tt2190001,7.5,3355
tt2213999,7.9,3677
tt2230719,7.7,3506
tt2268001,7.6,3423
tt2267999,6.4,3981
tt2280881,6.8,3515
tt2362659,6.7,3830
tt2366113,6.9,3375
tt2366115,7.4,3291
tt2374269,7.5,3440
tt2240226,7.4,3672
tt2240224,6.9,3521
tt2359466,7.1,3477
tt2349780,7.6,3701
tt2433396,6.8,3599
tt2435600,7.6,3537
tt2471292,7.4,3377
tt2476014,7.7,3542
tt2514850,8.2,3972
tt2572724,7.5,3499
tt2572726,7.6,3439
tt2572728,7.7,3536
tt2572732,7.3,3341
tt2572734,7.2,3364
tt2572738,7.0,3433
tt2572740,7.8,3700
tt2361870,7.3,3892
tt2669734,7.8,3437
tt2669736,7.8,3564
tt2669744,7.8,3662
tt2669740,9.4,7112
tt2876480,9.0,5390
tt2669746,9.8,18358
tt2991722,8.0,4067
tt0800320,5.8,282676
tt0104431,6.8,351166
tt0074285,7.4,186852
tt0120812,7.0,266979
tt0187078,6.5,278618
tt0330793,6.4,160852
tt0317919,6.9,356392
tt3591824,8.8,8619
tt3736868,8.4,6506
tt3736866,8.4,5981
tt3736870,8.7,5905
tt3736874,8.3,5468
tt3736872,9.0,6099
tt3736876,8.5,5285
tt3736878,8.9,5663
tt3736882,8.6,5184
tt3736880,8.8,5611
tt5011946,8.4,4853
tt5714376,8.5,4603
tt5714386,8.6,4485
tt5714396,9.3,5908
tt5714398,8.5,4270
tt5714400,9.1,5012
tt5714404,8.7,4352
tt5714406,8.5,4315
tt5714408,9.4,7063
tt4608554,8.1,2248
tt4674946,7.9,1637
tt4700648,7.8,1518
tt4704400,8.2,1515
tt4772192,8.1,1372
tt4776698,7.9,1237
tt4776696,8.6,1459
tt4776710,8.2,1201
tt4790002,8.1,1184
tt4790766,8.7,1387
tt4790768,8.0,1224
tt4608560,9.1,1879
tt5376026,8.1,1119
tt5829294,8.0,1021
tt5946238,8.3,1054
tt5989406,8.5,1031
tt6092996,8.5,980
tt6062920,7.9,924
tt6093000,8.6,1075
tt6093004,8.0,896
tt6093006,8.5,1018
tt5960350,9.6,2972
tt5691466,9.1,1488
tt6667762,8.0,1096
tt7549654,7.9,927
tt7471904,8.2,950
tt7620520,8.3,962
tt7620518,8.3,912
tt7731480,8.7,1116
tt7780756,8.4,915
tt7780758,7.8,868
tt7549638,8.1,866
tt7549642,8.4,872
tt6667766,9.2,1591
tt8490712,8.3,1133
tt9261354,8.0,921
tt9141488,8.0,878
tt9256906,8.9,1211
tt9261360,8.4,919
tt9261364,7.9,816
tt9261366,8.4,909
tt9261368,7.8,844
tt9261372,8.0,822
tt9261374,7.9,841
tt9261376,8.1,797
tt8490718,9.2,1568
tt1501844,7.5,596
tt1586274,7.4,470
tt1588504,8.0,514
tt1488675,7.6,404
tt1592911,7.6,390
tt1599448,8.4,464
tt1600236,8.0,397
tt1605844,7.7,383
tt1586773,8.1,396
tt1600234,8.6,443
tt1600235,7.9,362
tt1531132,8.2,380
tt1619510,8.4,392
tt1679357,7.7,341
tt1671021,8.0,394
tt1678107,8.1,357
tt1692534,7.7,327
tt1729410,7.9,327
tt1724343,7.6,324
tt1730805,8.1,341
tt1730806,8.0,358
tt1730807,8.0,312
tt1717256,7.5,304
tt1730804,8.0,318
tt1717257,8.2,318
tt1822452,8.7,378
tt2048032,8.4,386
tt2014508,7.7,325
tt2058780,8.1,308
tt2000694,8.0,299
tt2014509,7.8,288
tt2081643,8.7,404
tt2070931,7.8,289
tt2091520,7.7,281
tt2014507,8.2,303
tt1983061,8.0,284
tt2048031,8.3,286
tt2048033,8.6,351
tt2048034,9.1,521
tt1869908,7.9,485
tt1942198,7.7,333
tt0257106,5.3,161991
tt1949652,7.6,305
tt1932848,7.6,282
tt2003074,7.9,268
tt2000696,8.0,269
tt2003075,8.7,327
tt1990487,8.4,339
tt2324143,7.9,217
tt2329081,8.0,251
tt2385363,7.7,209
tt2385365,7.7,197
tt2205536,8.2,216
tt2401265,7.9,199
tt2231476,7.8,193
tt2235140,7.8,193
tt2235138,8.5,208
tt2189936,8.5,222
tt0556296,8.2,2777
tt0556297,8.2,2121
tt0556306,8.1,1980
tt0556299,8.8,2073
tt0556312,8.0,1845
tt0556304,8.1,1773
tt0556292,7.9,1878
tt0556310,8.2,1912
tt0556303,8.0,1647
tt0556301,8.6,1767
tt0556300,8.3,1671
tt0556308,9.1,2013
tt0556286,8.6,1648
tt0556287,8.2,1508
tt0556302,8.0,1461
tt0556307,8.2,1460
tt0556295,8.1,1422
tt0556309,8.5,1441
tt0556298,8.4,1394
tt0556293,8.1,1358
tt0556289,8.6,1407
tt0556288,8.3,1359
tt0556313,8.4,1366
tt0556291,9.0,1551
tt0785280,8.7,9639
tt0757186,8.2,6480
tt0828745,8.2,6072
tt0824887,8.6,5962
tt0823912,8.4,5715
tt0836899,8.9,6216
tt0859272,8.6,5610
tt0859273,8.9,6356
tt0866567,8.5,5462
tt0866568,9.1,6138
tt0866569,9.2,6255
tt0877058,9.5,10620
tt1013977,8.7,5526
tt1013981,8.5,5044
tt1013982,8.6,5009
tt1013983,8.3,4794
tt1013984,8.6,4930
tt1013986,8.7,4883
tt1013987,9.0,5121
tt1013985,8.5,4790
tt1013988,9.3,5755
tt1013978,8.9,4933
tt1013979,9.0,4925
tt1013980,9.2,5987
tt1242111,8.2,4726
tt1242115,8.4,4449
tt1242116,8.1,4318
tt1242117,8.0,4278
tt1242118,8.4,4248
tt1242119,8.1,4191
tt1242120,8.4,4309
tt1242121,8.5,4227
tt1242122,8.7,4315
tt1242112,9.0,4568
tt1242113,8.8,4391
tt1242114,8.8,4707
tt1444418,8.6,4829
tt1444422,8.6,4361
tt1444423,8.2,4232
tt1444424,9.1,5030
tt1444425,8.9,4551
tt1444426,8.6,4278
tt1444427,8.4,4201
tt1444428,8.5,4230
tt1444429,9.4,5969
tt1444419,9.1,4985
tt1444420,9.5,6439
tt1444421,9.8,13712
tt1615586,8.8,5263
tt1681772,8.1,4099
tt1691535,8.4,4028
tt1691360,8.4,4018
tt1699327,8.0,3962
tt1699544,8.7,4289
tt1721224,8.4,3934
tt1720655,8.8,4157
tt1733347,8.9,4337
tt1733346,8.9,4330
tt1733345,8.8,4132
tt1733344,8.8,4963
tt1790076,8.4,5164
tt1890880,8.0,4109
tt1890881,8.1,3984
tt1890882,8.4,4015
tt1890883,7.9,3911
tt1890884,8.4,4042
tt1890885,7.7,4326
tt1890886,7.8,3846
tt1890887,8.4,4212
tt1890877,8.0,3837
tt1890878,8.2,3983
tt1890879,9.1,6262
tt2134715,9.4,9002
tt2403521,8.7,4841
tt2170724,8.6,4428
tt2218408,8.8,5113
tt2207888,8.5,4145
tt2207890,8.2,4214
tt2235984,8.4,4147
tt2235982,8.8,4870
tt2235988,8.5,4115
tt2235986,8.4,3982
tt2235996,8.9,4418
tt2235994,9.3,7126
tt2577702,8.5,6249
tt2578758,8.0,4349
tt2578760,8.0,4209
tt2578762,8.0,4232
tt2578764,7.8,4118
tt2578770,7.7,4120
tt2578776,7.5,4230
tt2578778,8.0,4519
tt2578782,7.3,4446
tt2578788,6.9,4945
tt2578790,7.2,5240
tt2578802,4.7,20936
tt2370419,8.3,7798
tt2373027,8.2,6577
tt2373029,8.1,6120
tt2373031,7.8,5401
tt2373033,7.9,5644
tt2373035,8.5,5517
tt2373037,8.7,5726
tt2373039,8.9,5892
tt2373041,8.3,5293
tt2373019,8.7,5523
tt2373021,8.5,5240
tt2373023,8.8,5325
tt2373025,9.2,6486
tt3000124,8.8,6030
tt3230882,9.0,5698
tt3230884,8.6,5276
tt3230886,9.2,5860
tt3230890,9.2,5922
tt3230896,9.2,5817
tt3230898,9.2,5621
tt3230894,8.4,5073
tt3230900,8.6,5002
tt3230904,8.9,5293
tt3230906,8.9,5195
tt3230910,9.2,5854
tt3230908,9.8,19755
tt3724578,8.2,6203
tt3984450,8.0,5181
tt3984452,8.0,4740
tt3984456,8.0,4649
tt4035340,9.0,5454
tt4057954,8.7,4823
tt4057962,9.3,6191
tt4057974,8.6,4309
tt4089740,8.3,4015
tt4089746,8.5,4071
tt4089748,8.6,4056
tt4089752,8.9,4494
tt4089754,9.7,14111
tt1811020,8.2,4645
tt1988308,7.9,3723
tt1988309,7.9,3444
tt2011518,7.7,3257
tt2023998,8.2,3197
tt2024865,8.3,3183
tt2043149,8.7,3582
tt2041952,8.2,3114
tt2081742,8.0,3065
tt2081741,8.1,3081
tt2084389,8.6,3248
tt2084390,9.0,4219
tt2100961,8.2,3511
tt2385581,8.8,3549
tt2385583,8.2,3091
tt2385585,8.6,3217
tt2325080,8.9,3697
tt2355180,7.7,2788
tt2368314,8.1,2791
tt2368332,8.4,2881
tt2408792,8.6,2960
tt2408796,8.5,2993
tt2408794,9.2,4510
tt0172495,8.5,1482729
tt1268799,6.2,69881
tt0283111,6.4,110342
tt0366551,7.0,196205
tt0481536,6.5,137502
tt0606110,8.4,6351
tt0606111,8.0,4873
tt0606117,8.0,4622
tt0606112,7.9,4360
tt0606109,8.2,4488
tt0606116,8.0,4329
tt0606108,7.6,4082
tt0606113,8.0,4060
tt0606104,7.9,4038
tt0606115,9.1,6115
tt0606114,8.2,4257
tt0606118,8.0,3956
tt0606106,8.6,4507
tt0606119,8.1,3871
tt0606107,9.0,5014
tt0606105,7.8,3704
tt0756504,7.6,3673
tt0606103,8.4,4091
tt0788623,8.7,4382
tt0760776,7.7,3672
tt0801608,8.0,3703
tt0774239,8.7,4557
tt0863640,8.0,3678
tt0869673,8.1,3594
tt0873024,8.4,3747
tt0858000,8.7,4213
tt0866188,8.7,4025
tt0865115,8.0,3583
tt0875360,8.9,4970
tt0885871,7.8,3571
tt0885872,9.4,7248
tt0892578,8.0,3567
tt0904645,8.0,3561
tt0897111,8.0,3631
tt0924673,7.8,3348
tt0933496,8.3,3604
tt0946316,8.3,3543
tt0943657,8.4,3710
tt0969965,8.1,3582
tt0978049,7.9,3343
tt0966112,8.3,3538
tt0994245,8.8,3892
tt0982196,8.7,3690
tt1017766,8.7,3742
tt1084790,8.1,3664
tt1115217,7.5,3276
tt1097293,8.0,3438
tt1094834,7.6,3256
tt1121411,8.9,4540
tt1117436,7.9,3233
tt1120228,7.9,3276
tt1140904,9.0,4522
tt1142665,8.9,4334
tt1155839,7.8,3302
tt1154186,8.4,3472
tt1203040,8.0,3345
tt1204516,8.7,3995
tt1206872,8.6,3546
tt1206866,7.8,3194
tt1206867,8.1,3510
tt1206868,8.1,3244
tt1206869,8.0,3183
tt1206870,7.6,3175
tt1206871,8.5,3505
tt1256606,8.5,3669
tt1256181,8.4,3876
tt1256185,7.6,3182
tt1256186,8.7,3826
tt1256187,8.2,3337
tt1256188,7.9,3175
tt1256189,7.7,3106
tt1256190,7.9,3311
tt1256191,9.1,5220
tt1256171,8.2,3306
tt1256172,8.0,3246
tt1256173,8.5,3504
tt1256175,8.2,3309
tt1256174,8.4,3459
tt1256176,8.2,3374
tt1256177,7.6,3200
tt1256178,8.2,3347
tt1256179,7.5,3047
tt1256180,8.3,3326
tt1256182,7.5,3089
tt1256184,8.6,3478
tt1256183,8.1,3198
tt1410619,7.6,3114
tt1425523,8.6,3661
tt1491272,8.4,3494
tt1510422,8.0,3171
tt1520584,8.2,3278
tt1523038,7.8,3324
tt1523745,7.6,3142
tt1531287,7.6,3015
tt1536724,7.6,3187
tt1541289,9.3,6666
tt1541288,7.8,3303
tt1553522,8.0,3209
tt1559709,7.7,3366
tt1570154,9.0,5273
tt1570155,8.5,3556
tt1576524,8.7,3842
tt1589779,7.9,3140
tt1595724,7.6,3082
tt1609315,8.2,3443
tt1610780,8.1,3176
tt1624286,7.5,3080
tt1631001,7.7,3059
tt1632014,7.6,2981
tt1640994,7.9,3341
tt1632015,8.1,3185
tt1648494,8.4,3263
tt1701804,8.0,3308
tt1713733,8.2,3372
tt1723669,7.6,3021
tt1733369,8.5,3539
tt1737327,7.6,2964
tt1737328,7.6,2971
tt1746026,7.5,2925
tt1757176,8.0,3079
tt1763611,8.4,3578
tt1777828,9.0,4832
tt1779155,7.8,3096
tt1778997,8.1,3073
tt1795967,8.9,4554
tt1795956,8.6,3726
tt1795957,8.7,4066
tt1795958,7.9,3016
tt1795959,7.5,2861
tt1795960,8.1,3121
tt1795961,8.2,3294
tt1795962,7.5,2869
tt1795963,7.8,2871
tt1795964,7.7,2904
tt1795965,7.6,2830
tt1795966,8.4,3309
tt1982341,8.4,4044
tt2039807,8.0,3269
tt2049132,8.8,4198
tt2049980,7.9,3137
tt2071800,7.3,2958
tt2072524,7.6,3079
tt2072525,7.6,3069
tt2072526,7.3,3158
tt2094413,8.2,3282
tt2102769,8.9,4730
tt2108075,7.8,3136
tt2121966,8.7,4216
tt2157459,7.7,3121
tt2157457,7.5,3183
tt2216757,7.3,3404
tt2216759,7.9,3206
tt2212411,8.3,3395
tt2247489,7.9,2996
tt2265943,8.5,3482
tt2336905,8.5,3385
tt2346207,7.8,2895
tt2376741,7.6,2806
tt2376743,8.4,3395
tt2376745,8.7,3925
tt2252518,8.4,4890
tt2414774,7.3,3349
tt2428798,7.2,3096
tt2428796,7.4,3226
tt2460610,7.3,3179
tt2460618,7.4,2964
tt2460620,7.2,2885
tt2445770,7.4,2954
tt2466704,7.3,2915
tt2547538,7.9,3034
tt2556002,8.4,3664
tt2556008,9.4,6857
tt2569148,7.7,3100
tt2630114,7.8,3081
tt2654452,8.1,3526
tt2676388,7.4,2895
tt2712100,7.7,2971
tt2668726,7.9,3165
tt2777232,7.8,2923
tt2733014,8.3,4714
tt2815916,7.3,2837
tt2847436,8.7,3884
tt2795770,7.5,3059
tt2861788,8.7,4291
tt2802532,7.7,3926
tt3040972,7.6,3473
tt3040980,7.5,3320
tt3113690,7.2,3231
tt3212666,7.1,3205
tt3268352,7.4,3179
tt3268354,7.2,3213
tt3268356,7.2,3242
tt3247720,8.1,3681
tt3317356,6.6,3385
tt3331436,5.8,5516
tt3353092,7.6,3526
tt3382270,8.1,3591
tt3359400,5.9,5488
tt3390680,8.3,3690
tt3390684,9.5,10015
tt3415286,8.1,3893
tt3415288,7.9,3228
tt3415292,7.5,3279
tt3415296,8.4,3654
tt3415298,8.2,3742
tt3415300,8.8,4807
tt3415302,6.7,10075
tt3415304,5.5,18928
tt1522554,8.4,2607
tt1616292,7.7,1950
tt1594763,7.5,1798
tt1566258,8.0,1771
tt1540598,7.8,1646
tt1588042,7.8,1609
tt1588574,8.1,1547
tt1629832,8.4,1563
tt1603625,8.4,1555
tt1594360,7.9,1466
tt1599645,7.9,1424
tt1582924,8.4,1452
tt1644780,9.2,1876
tt1649567,8.5,1514
tt1649572,7.9,1352
tt1649573,8.3,1349
tt1649574,7.8,1322
tt1649575,8.6,1365
tt1649576,8.0,1311
tt1649577,8.4,1355
tt1649578,8.4,1308
tt1649579,9.0,1478
tt1649568,8.2,1235
tt1649569,8.6,1265
tt1649570,8.9,1362
tt1649571,9.3,1724
tt2101875,8.8,1531
tt2098233,8.0,1227
tt2101003,8.6,1235
tt2138455,8.4,1211
tt2135436,8.6,1260
tt2189413,7.9,1141
tt2189415,7.9,1127
tt2189417,8.7,1191
tt2189419,8.4,1132
tt2189405,8.4,1165
tt2189407,8.3,1116
tt2189409,8.7,1171
tt2189411,9.1,1443
tt2329771,8.3,1302
tt2438010,8.2,1131
tt1902752,8.2,1133
tt2544102,7.9,1084
tt2518872,8.4,1092
tt2553904,7.9,1092
tt2547398,8.0,1118
tt2539204,8.9,1194
tt2539210,8.7,1090
tt2626368,8.5,1082
tt2639552,9.2,1423
tt2639562,8.6,1077
tt2639568,9.1,1320
tt2805108,8.4,1277
tt3256702,8.2,1061
tt3295904,7.9,978
tt3295906,7.9,976
tt3344892,8.9,1131
tt3345508,8.4,977
tt3391708,8.1,953
tt3463962,7.7,964
tt3452770,8.5,982
tt3521128,8.4,967
tt3578400,8.8,1010
tt3528744,8.8,1021
tt3563852,8.9,1090
tt3672562,8.7,1216
tt4155322,8.5,1085
tt4155332,8.3,1023
tt4161952,8.5,1046
tt4155334,8.2,993
tt4218350,8.6,1027
tt4235538,8.5,996
tt4235544,8.7,1029
tt4235540,8.9,1098
tt4235548,9.1,1158
tt4235552,9.3,1321
tt4235558,9.2,1207
tt4217814,9.6,2485
tt0356150,6.6,209919
tt0421715,7.8,646310
tt0636289,9.2,11287
tt0636290,9.1,8584
tt0636294,8.4,6792
tt0636300,9.0,7699
tt0636303,8.3,6203
tt0636284,8.1,6044
tt0636298,8.4,6073
tt0636275,8.6,6164
tt0636292,8.4,5803
tt0636291,8.6,5890
tt0636272,8.8,5939
tt0636302,7.9,5618
tt0636282,8.0,5577
tt0636293,8.1,5432
tt0636283,8.3,5479
tt0636288,8.5,5592
tt0636268,8.4,5460
tt0636286,9.0,6304
tt0636277,8.9,5960
tt0636276,9.0,6158
tt0636296,8.2,5246
tt0636273,8.0,5309
tt0636279,9.0,6213
tt0636280,9.2,6890
tt6222548,9.3,3720
tt0636285,9.1,6602
tt0636271,8.3,5146
tt0636287,8.7,5376
tt0636278,8.2,5171
tt0636269,7.8,5006
tt0636270,8.2,4990
tt0636299,8.8,5831
tt0636274,8.6,5082
tt0636301,8.2,4980
tt0636295,8.7,5261
tt0636297,8.4,4902
tt0636281,7.2,5011
tt0756934,8.6,5146
tt0758090,8.6,4949
tt0764076,8.3,4918
tt0769314,8.1,4728
tt0771860,9.0,5463
tt0784695,8.2,5127
tt0771861,7.8,5013
tt0782394,8.9,5522
tt0786169,8.7,5220
tt0799198,8.4,4913
tt0793130,9.4,7622
tt0836956,8.6,5892
tt0847791,8.0,4978
tt0840616,7.9,4906
tt0850964,8.3,4973
tt0863695,8.1,4962
tt0883770,8.5,5240
tt0891077,8.6,5223
tt0928284,9.1,6446
tt0954439,7.2,5152
tt0913743,8.2,5290
tt0936198,8.6,5107
tt0959403,8.2,4908
tt0968992,9.1,5747
tt0988050,8.0,5969
tt0979596,8.1,4827
tt0979595,8.1,4787
tt0992243,9.1,5650
tt0992244,9.2,6311
tt0998660,9.1,6367
tt1004798,9.7,12055
tt0994348,8.7,6290
tt0994359,8.6,5271
tt0994363,8.4,4945
tt0994364,8.0,4823
tt0994365,9.7,13130
tt0994366,7.8,4714
tt0994367,8.3,4829
tt0994368,8.3,4809
tt0994369,9.0,5638
tt0994349,7.9,4590
tt0994350,8.6,4751
tt0994351,8.9,5211
tt0994352,9.2,6308
tt1952703,9.2,4260
tt1280267,8.7,5517
tt1313407,8.2,4695
tt1319361,8.5,4780
tt1321693,8.2,4519
tt1322105,8.6,4741
tt1340502,8.5,4655
tt1321692,8.8,5134
tt1341555,8.9,5341
tt1353861,8.4,4442
tt1358333,8.4,4397
tt1363399,8.2,4397
tt1368702,8.7,4690
tt1378943,8.2,4135
tt1378944,8.7,4891
tt1400160,8.6,4493
tt1399779,9.1,6353
tt2197294,9.2,4281
tt1453335,8.7,5431
tt2524344,8.4,3426
tt1560343,7.6,4653
tt1533421,8.2,4337
tt1467640,8.0,4275
tt1467641,8.0,4188
tt1467642,8.4,4371
tt1467643,7.7,4272
tt1467644,9.2,6912
tt1467629,7.8,4183
tt1467630,8.8,5165
tt1467631,8.4,4306
tt1467632,8.9,5462
tt1467633,8.1,5575
tt1467634,8.6,4963
tt1603637,8.1,4219
tt1467635,8.2,11448
tt15049668,9.1,1323
tt0232500,6.8,384209
tt0110475,6.9,384031
tt0365830,6.8,109508
tt0083944,7.7,251659
tt0245844,7.7,138314
tt0250223,6.6,53113
tt0316654,7.4,647521
tt4428472,8.5,1291
tt4419730,8.8,1504
tt0121955,8.7,366668
tt4573270,8.1,1324
tt1833285,8.1,17778
tt2243973,8.5,253482
tt4061080,7.7,42781
tt4288962,7.3,1076
tt4642824,8.2,923
tt4716766,7.4,795
tt4716772,8.0,799
tt4716776,8.3,844
tt4742280,7.6,748
tt4742284,7.7,706
tt4742294,8.1,713
tt4742296,8.1,677
tt4425192,8.2,726
tt4425194,7.5,544
tt5493206,7.9,498
tt5506790,7.6,464
tt5513490,8.1,534
tt5583058,8.6,586
tt5600456,7.8,445
tt5600458,7.9,430
tt5600460,7.8,434
tt5600464,7.6,427
tt5600466,7.6,410
tt5600468,7.9,413
tt4425196,7.7,447
tt6551386,8.0,504
tt6648654,7.5,408
tt6874532,7.6,413
tt6928658,7.2,406
tt6928662,8.5,505
tt6928664,7.6,362
tt6928670,8.0,414
tt6957454,7.8,348
tt6957468,7.7,354
tt6957474,8.2,410
tt6957476,8.8,525
tt6957478,8.6,502
tt4652838,9.2,16779
tt4686038,8.5,11814
tt4730018,8.4,8946
tt4730026,9.4,13196
tt4799588,9.2,10873
tt4652854,8.7,9636
tt4730002,8.1,10507
tt4659980,7.9,10429
tt4730012,8.4,9413
tt4730014,9.1,11124
tt4901088,8.1,7537
tt5342606,8.2,7010
tt5344704,8.3,6834
tt5344766,8.2,6430
tt5344796,8.8,6578
tt5345894,9.0,7661
tt5347278,9.2,8011
tt5347318,8.5,5862
tt5347322,8.5,5686
tt5347330,9.2,7123
tt5831628,8.5,5807
tt5831630,8.8,6426
tt5970530,8.7,6372
tt6633686,9.1,6083
tt6633688,8.7,5623
tt6633692,8.3,5071
tt6633696,9.7,11422
tt6635194,9.6,10264
tt6635200,9.0,5998
tt6635212,9.1,7306
tt6635210,8.6,4955
tt6633682,9.5,8070
tt7748418,9.2,8123
tt8084154,8.7,6491
tt8084160,8.7,6470
tt8084164,8.7,7180
tt8084166,9.7,13268
tt8084172,9.1,7022
tt8084176,9.9,29253
tt8084178,9.2,7720
tt8084180,9.7,12937
tt8084184,8.2,7516
tt8919312,9.4,9258
tt8919318,9.5,10109
tt10883092,9.8,17944
tt3080196,7.1,264
tt4057144,6.8,249
tt4073776,7.6,201
tt4086010,7.1,176
tt4073796,8.0,203
tt4109292,7.5,163
tt4109296,7.6,163
tt4109302,7.2,145
tt4109304,7.3,139
tt4205118,7.6,152
tt4427974,8.0,165
tt5658298,8.0,124
tt5662340,7.9,118
tt5695410,8.2,126
tt5714046,8.0,125
tt5737914,7.8,112
tt5751826,7.7,124
tt5765698,7.7,107
tt5784476,8.2,137
tt5825060,8.2,117
tt5825126,8.6,154
tt0080453,5.8,70588
tt1363447,6.9,3544
tt1366779,7.0,3041
tt1366780,7.1,2835
tt1366781,7.3,2751
tt1366782,7.1,2659
tt1366783,7.6,2694
tt1467703,7.9,2798
tt1490874,8.0,2677
tt1490293,7.6,2576
tt1504600,8.2,2642
tt1504148,7.6,2777
tt1536813,7.8,2409
tt1509675,7.6,2434
tt1559848,8.0,2385
tt1541365,7.8,2351
tt1545370,8.0,2369
tt1559854,8.1,2353
tt1523800,8.2,2651
tt1531526,8.3,2646
tt1539432,8.7,2891
tt1559850,7.8,2286
tt1559852,7.9,2271
tt1559849,7.9,2314
tt1559853,7.9,2276
tt1559857,8.2,2341
tt1559851,7.5,2285
tt1587573,8.6,2413
tt1559855,7.8,2230
tt1559856,8.5,2429
tt1587572,8.5,2384
tt2471500,8.0,11161
tt2471502,8.2,9420
tt2471506,8.2,8823
tt2461634,8.5,8647
tt2461632,8.8,9089
tt2461638,9.1,10120
tt3655782,8.4,7873
tt3683570,8.3,7310
tt3683572,8.5,7162
tt3683574,8.4,7012
tt3683578,8.7,7151
tt3683576,9.5,12209
tt4277144,8.1,7169
tt4370544,8.8,7177
tt4370546,8.6,6582
tt4370550,8.7,6630
tt4370554,8.3,6419
tt4370552,9.5,10641
tt5755998,9.4,10454
tt6227888,9.1,7960
tt6227890,8.5,6808
tt6227892,8.6,6645
tt6227900,8.7,6931
tt6056650,9.4,10557
tt5756000,8.3,7887
tt6227902,8.8,7333
tt6229668,8.4,6356
tt6229670,8.8,6710
tt6229672,8.6,5938
tt6056652,9.2,9059
tt2991728,8.3,3524
tt2991746,7.6,2929
tt2991752,8.6,3380
tt2991742,8.0,2511
tt2991764,8.8,3125
tt2991762,8.4,2603
tt3780302,8.3,2420
tt3780304,8.1,2231
tt3780308,9.0,3266
tt3780310,8.1,1986
tt3780314,7.9,2048
tt3780316,8.3,1968
tt3780320,8.2,1981
tt3780322,8.5,2027
tt3780326,8.8,2053
tt3781008,8.9,2401
tt4786300,8.6,2164
tt4805826,8.3,1802
tt4833968,8.2,1713
tt4849368,9.1,3141
tt4853882,8.4,1658
tt4853880,8.3,1657
tt4853884,8.5,1687
tt4853878,7.9,1668
tt4786304,8.3,2404
tt0713618,8.5,9315
tt0713624,7.9,7372
tt0713613,7.9,6788
tt0713617,8.0,6436
tt0713611,8.3,6576
tt0713622,8.2,6158
tt0713615,7.8,5979
tt0713612,6.8,6464
tt0713623,8.8,6379
tt0713610,8.3,5902
tt0713620,8.6,6100
tt0713614,8.7,6394
tt0713619,7.3,5899
tt0713616,8.1,5515
tt0757750,8.2,5693
tt0713621,8.5,5453
tt0763064,8.2,5608
tt0763065,8.5,5559
tt0761316,8.6,5829
tt0772002,8.8,5587
tt0775325,9.2,6453
tt0767486,8.4,5360
tt0829063,9.2,6710
tt0829062,8.1,5377
tt0835248,8.2,5127
tt0837741,7.9,5033
tt0851031,8.4,5071
tt0855641,8.2,5003
tt0859555,8.6,5228
tt0868625,8.7,5270
tt0878590,8.6,5341
tt0883872,8.4,4882
tt0890836,8.3,5047
tt0942145,8.9,5508
tt0921622,7.9,4879
tt0940441,8.7,5204
tt0939444,9.1,6475
tt0942786,8.8,5721
tt0959976,8.7,5884
tt0964436,8.4,5415
tt1000536,8.6,5148
tt0987715,9.3,6655
tt0987713,9.1,5717
tt0987714,9.4,6652
tt1032129,8.5,5168
tt1032134,8.6,5114
tt1107710,9.2,6387
tt1032135,8.2,4771
tt1032137,8.3,4839
tt1032138,8.0,4784
tt1032139,8.4,4694
tt1032140,8.6,5500
tt1032141,8.4,4702
tt1032130,8.4,4735
tt1032132,9.4,8040
tt1032131,9.3,6291
tt1032133,7.5,5820
tt1206073,7.8,4513
tt1222593,8.4,4629
tt1222594,9.2,5976
tt0252866,6.4,255910
tt0163651,7.0,405690
tt0120484,6.1,164416
tt0328828,6.3,206556
tt1636826,6.6,210258
tt0343660,6.8,354523
tt0109686,7.3,383913
tt1488555,6.3,183160
tt0175142,6.2,260433
tt0486551,6.2,68613
tt5183578,8.2,1252
tt1222611,9.2,6172
tt1222612,8.0,4313
tt1222610,8.4,5655
tt1222613,9.1,6561
tt1222614,8.4,4759
tt1222615,8.6,4626
tt1222616,8.6,4843
tt1222596,8.9,5231
tt1222597,7.9,4357
tt1222598,7.9,4266
tt1222599,8.6,5147
tt1222600,8.4,4545
tt1222601,8.6,4734
tt1222602,9.1,5441
tt1222603,8.6,4998
tt1222604,9.2,5947
tt1222605,8.2,4059
tt1222607,8.7,4802
tt1222608,8.5,4532
tt1222609,9.3,5992
tt1222595,9.4,7940
tt1222606,8.5,5005
tt1461906,8.7,4711
tt1464088,8.6,4353
tt1464089,8.5,4484
tt1488983,7.9,4261
tt1506849,8.5,4273
tt1507550,8.7,4664
tt1511910,9.6,9870
tt1533530,8.8,4738
tt1532469,9.2,5346
tt1543420,8.5,4331
tt1552579,8.2,4074
tt1541419,9.0,4778
tt1588681,8.8,4541
tt1588682,8.4,3917
tt1588256,8.7,4457
tt1588255,8.3,4030
tt1594854,8.9,4413
tt1598673,9.0,5033
tt1599805,8.6,3883
tt1626754,9.2,5015
tt1626753,9.7,10491
tt1627706,7.7,4263
tt1627717,7.8,3690
tt1627721,8.1,3611
tt1627722,9.1,4760
tt1627724,8.3,3758
tt1627723,8.4,3618
tt1627725,8.0,3428
tt1627726,7.7,3444
tt1627727,8.4,3932
tt1627707,8.6,3658
tt1627708,9.1,4067
tt1627709,8.3,3549
tt1627710,7.9,3327
tt1627711,7.4,3440
tt1627712,9.6,9943
tt1627713,8.2,3387
tt1627715,8.6,3836
tt1627714,9.0,4306
tt1627716,8.5,3519
tt1627718,8.9,4411
tt1627719,8.5,3515
tt1864037,8.9,4179
tt1995102,9.0,4621
tt1995113,8.4,3527
tt1995118,8.1,3624
tt1995119,7.9,3431
tt1995120,8.0,3708
tt1995121,8.6,3637
tt1995122,7.9,3292
tt1995123,7.8,3665
tt1995124,8.4,3351
tt1995103,9.2,4545
tt1995104,8.0,3426
tt1995105,8.8,4040
tt1995106,8.0,3448
tt1995107,8.1,3503
tt1995108,8.1,3326
tt1995109,8.1,3292
tt1995110,8.9,4184
tt1995111,8.4,3473
tt1995112,8.4,3366
tt1995114,9.0,4252
tt1995115,8.5,3432
tt1995116,8.4,3238
tt1995117,8.8,4088
tt2373078,8.3,3948
tt2404088,8.3,3870
tt2293862,7.6,3783
tt2323362,7.1,4670
tt2388382,8.0,3684
tt2372414,7.9,3289
tt2425360,8.3,3675
tt2426140,8.8,4442
tt2426138,8.2,3291
tt2425378,8.2,3604
tt2498912,8.7,4161
tt0381707,5.7,145758
tt0120746,6.8,184371
tt0362120,5.1,121789
tt0396269,7.0,355346
tt5931646,8.2,6425
tt5931648,8.1,5270
tt5931652,8.6,5261
tt5937294,8.1,4666
tt5941434,8.1,4480
tt5943926,8.7,4756
tt5931656,9.0,5261
tt5943930,8.0,4129
tt5943932,8.7,4254
tt5943928,7.9,4435
tt6849500,8.8,4818
tt7435238,8.2,4176
tt7435240,7.9,3809
tt7435246,8.0,3443
tt7435248,8.8,4072
tt7435250,8.2,3408
tt7435252,8.7,3762
tt7435254,8.9,3943
tt7435256,9.0,4326
tt7435258,8.3,3910
tt7435260,8.3,3301
tt7435264,8.5,4530
tt7435244,7.9,3504
tt8363118,8.3,4015
tt9364446,7.7,3390
tt9364456,8.0,3439
tt9364002,7.9,3148
tt9399406,8.4,3402
tt9471720,8.1,3098
tt9754688,8.2,2898
tt9754692,9.3,5816
tt9399412,8.1,3511
tt9471724,7.2,3130
tt9471726,7.6,3320
tt9471728,6.3,4811
tt9754680,9.2,5242
tt5124962,8.2,1229
tt5255258,8.8,1482
tt4925292,7.4,287666
tt0829482,7.6,576149
tt1245492,6.6,411336
tt0405159,8.1,684067
tt0066765,7.5,30423
tt1160419,8.0,613869
tt1068680,6.8,361305
tt0162661,7.3,358214
tt0099487,7.9,486795
tt0118789,7.4,54368
tt1333125,4.3,106080
tt0377818,5.1,79242
tt0111257,7.3,362724
tt1134629,6.3,13713
tt2720680,6.7,39732
tt1073498,2.8,108220
tt0332452,7.3,532363
tt0071853,8.2,538852
tt0087843,8.3,349910
tt0145487,7.4,810466
tt0118971,7.5,370029
tt0120338,7.9,1159690
tt0515236,8.1,3779
tt0515256,8.4,3324
tt0515212,8.1,3043
tt0515223,8.3,2892
tt0515214,8.2,2763
tt0515257,8.0,2670
tt0515221,8.1,2618
tt0515231,8.1,2568
tt0515247,8.4,2534
tt0515235,9.1,3229
tt0515210,8.4,2436
tt0515244,8.5,2533
tt0515246,8.1,2374
tt0515208,8.5,2404
tt0515222,8.7,2515
tt0515228,8.2,2293
tt0515211,8.1,2285
tt0515224,8.7,2373
tt0515226,8.4,2456
tt0515258,7.9,2255
tt0515232,8.5,2326
tt0515238,8.2,2522
tt0515253,8.7,2358
tt0515254,8.5,2309
tt0515209,8.8,2458
tt0515219,9.0,2610
tt0515243,8.5,2197
tt0515207,9.0,2686
tt0515248,8.1,2100
tt0515239,8.0,2065
tt0515213,8.0,2081
tt0515240,8.3,2205
tt0515234,8.3,2068
tt0515220,8.7,2180
tt0515229,8.6,2206
tt0515251,8.5,2125
tt0515255,8.6,2179
tt0515227,9.0,2487
tt0515245,8.5,2063
tt0515241,8.9,2198
tt0515250,8.6,2106
tt0515249,8.3,2088
tt0515218,8.6,2101
tt0515233,8.2,2066
tt0515230,8.7,2242
tt0515252,8.6,2094
tt0515237,8.0,1932
tt0515225,8.8,2147
tt0515242,8.7,2211
tt0515216,8.5,1986
tt0515217,8.6,2031
tt0515215,8.8,2088
tt0757386,9.2,2745
tt2128813,7.4,2221
tt2128815,6.9,1825
tt2128816,6.9,1716
tt2128817,7.6,1611
tt2128818,7.7,1610
tt2128819,7.1,1473
tt2128820,8.3,1664
tt2128821,7.6,1435
tt2128822,7.6,1410
tt2128814,7.7,1411
tt2495824,8.4,1571
tt2604336,8.1,1399
tt2604334,8.1,1410
tt2604338,8.1,1413
tt2826310,8.1,1459
tt4589902,7.0,1140
tt4861452,7.1,995
tt4861456,7.4,954
tt4861458,7.4,921
tt4861460,7.3,903
tt4861462,7.5,903
tt4861466,7.5,886
tt4861470,7.3,891
tt4861472,7.0,743
tt4861478,7.0,695
tt4861482,6.7,665
tt4861486,7.4,681
tt4861484,6.8,669
tt4861490,6.6,667
tt4861494,7.1,657
tt4589904,7.8,841
tt0110148,7.5,321144
tt0367594,6.7,477252
tt0398808,7.2,157216
tt5253620,8.2,1249
tt5339002,8.5,1270
tt0362165,2.2,56447
tt0290334,7.4,548335
tt5374770,8.8,1402
tt5562344,8.7,1412
tt5339026,7.9,1167
tt0110366,6.3,50101
tt0382625,6.6,431647
tt10370710,7.8,60591
tt7961060,7.7,27740
tt10698464,8.8,10146
tt10906292,8.3,6743
tt10062310,8.4,11025
tt10062312,8.7,10272
tt10062314,8.4,9310
tt10062318,8.4,9038
tt10062320,8.2,8760
tt10062322,8.4,8849
tt11138512,7.1,175248
tt10906300,8.1,5342
tt10906306,8.1,4982
tt10906296,8.1,5903
tt10906308,9.3,11086
tt1877830,7.9,600743
tt0242423,5.5,140344
tt0075314,8.2,820552
tt1284388,8.0,4084
tt1259489,7.8,3138
tt1261700,8.0,2962
tt1261701,8.0,2818
tt1261702,8.2,2751
tt1261703,8.0,2638
tt1261704,8.0,2599
tt1261705,8.7,2782
tt1261706,8.1,2508
tt1261707,8.2,2512
tt1261696,8.3,2496
tt1261697,9.1,3163
tt1261698,9.1,3178
tt1303554,8.6,2588
tt1303559,8.1,2323
tt1303560,8.0,2274
tt1303561,8.1,2259
tt1303562,8.5,2279
tt1303563,8.6,2299
tt1303564,8.8,2400
tt1303565,8.5,2299
tt1303566,8.2,2228
tt1303555,9.1,2782
tt1303556,8.7,2344
tt1303557,9.0,2622
tt1303558,9.3,3304
tt1559905,9.0,2851
tt1559910,7.9,2158
tt1559911,7.9,2202
tt1559912,8.1,2127
tt1559913,8.1,2069
tt1559914,7.9,2075
tt1559915,8.0,2049
tt1559916,7.9,2125
tt1559917,8.1,2059
tt1559906,8.6,2144
tt1559907,8.7,2184
tt1559908,8.5,2132
tt1559909,9.7,5955
tt1989270,8.8,2564
tt1974884,8.3,2037
tt1989269,8.2,1980
tt1977537,7.9,1945
tt1989268,8.1,1944
tt2016680,8.8,2154
tt2010656,8.6,2034
tt2021956,9.0,2182
tt2050258,8.5,1957
tt2049291,9.2,2407
tt2085522,9.0,2222
tt2083709,9.1,2309
tt2105914,9.0,2272
tt2105915,9.0,2585
tt2175526,8.9,2669
tt2254710,8.4,2114
tt2222136,9.4,3460
tt2254722,8.4,2155
tt2254728,8.2,2103
tt2315090,8.3,1951
tt2315092,8.4,1960
tt2315094,8.5,1932
tt2315100,8.0,1872
tt2315096,8.4,1901
tt2315098,8.7,1980
tt2315102,8.9,2085
tt2315104,9.3,2703
tt2966864,7.7,2001
tt2524432,8.2,2518
tt2980966,8.0,1903
tt3155914,9.1,2496
tt3180174,8.7,2157
tt3198434,8.5,2035
tt3212886,8.1,1981
tt3147428,7.8,1809
tt3175848,8.7,2011
tt3188850,8.2,1822
tt3240506,9.3,2880
tt3240508,8.8,2097
tt3240510,9.5,4516
tt3383464,8.1,2674
tt3894464,8.0,2142
tt3838552,7.8,2078
tt3898634,8.6,2286
tt3901218,8.5,2076
tt3902190,8.4,2106
tt3901214,8.0,1949
tt3902192,7.9,1968
tt3908440,8.5,2121
tt3903590,9.1,3040
tt3908442,9.4,3685
tt3903588,9.4,3783
tt3885886,9.5,7063
tt1973786,8.8,5430
tt1973785,8.2,3447
tt1976882,8.1,3125
tt1977541,8.0,2979
tt2003931,8.1,2864
tt1973787,8.0,2846
tt1987364,8.5,2981
tt1987365,8.1,2756
tt1985804,8.4,2669
tt1986650,8.3,2644
tt1995990,8.4,2633
tt2014019,8.8,2988
tt2185442,8.9,3229
tt2397283,8.3,2548
tt2199752,8.2,2455
tt2199756,8.4,2478
tt2253942,8.7,2641
tt2199758,8.4,2441
tt2268628,9.0,2956
tt2305044,8.5,2653
tt2310538,8.7,2516
tt2310526,9.2,3383
tt2583678,8.1,2469
tt2583680,8.4,2371
tt2583682,8.2,2294
tt2660120,8.5,2280
tt2671864,8.4,2278
tt2560618,8.7,2791
tt2529130,8.4,2829
tt2850832,8.4,2305
tt2983982,8.3,2238
tt2983986,8.3,2174
tt2983988,8.1,2085
tt2983994,8.6,2316
tt2983996,8.6,2405
tt3053154,8.6,2169
tt3132574,8.3,2104
tt3132584,8.4,2249
tt3563802,8.3,2067
tt3570124,9.0,2461
tt3591456,8.3,1919
tt3599424,8.9,2168
tt3607734,8.7,2066
tt3639420,9.3,3244
tt3285896,8.4,2456
tt3783016,8.3,2015
tt3800126,8.3,1999
tt3832646,8.1,1918
tt3839596,8.3,1914
tt3839598,8.8,2178
tt3881112,8.8,2270
tt3895112,8.9,2157
tt3953700,9.2,2545
tt3923868,9.5,3649
tt4231052,8.9,2332
tt4383488,8.3,1851
tt4410566,8.7,2132
tt3951374,8.5,1969
tt4434386,9.1,2625
tt4454772,9.0,2353
tt4503862,8.8,2805
tt4649068,8.5,2207
tt4649074,8.8,2153
tt4800888,8.9,2351
tt4845228,8.5,1975
tt4779252,8.6,1987
tt4815634,9.2,2868
tt4905626,9.0,2316
tt4923722,8.8,2220
tt4938410,9.7,9227
tt5176286,9.3,3054
tt5181364,8.9,2180
tt5181368,8.7,2052
tt5181370,9.3,2596
tt5181372,9.5,3844
tt5181374,9.3,3637
tt5498940,8.1,2470
tt5513372,8.0,1871
tt5895102,8.3,1745
tt5895096,8.2,1705
tt5895106,8.1,1569
tt5895108,7.9,1550
tt5895110,8.0,1561
tt5895112,8.5,1694
tt5880940,9.1,2414
tt5880946,9.5,3969
tt5880950,8.1,1812
tt5880956,8.6,1741
tt5880960,8.3,1537
tt5895116,8.2,1413
tt5937920,8.2,1417
tt5937924,9.5,4549
tt5934988,8.5,2154
tt5937932,8.1,1500
tt7006210,7.7,1374
tt6896678,7.9,1313
tt6949856,7.7,1241
tt7022000,8.2,1310
tt7016302,8.2,1329
tt7027760,8.5,1393
tt7222256,7.8,1215
tt7222258,8.8,1956
tt7222260,8.0,1329
tt7222262,7.5,1179
tt7222264,8.4,1418
tt7222270,8.3,1168
tt7222272,7.8,1630
tt7222268,8.2,1210
tt4578466,8.8,2343
tt4941520,8.6,1995
tt5068464,8.1,1730
tt5015108,8.0,1726
tt5019538,8.2,1730
tt5030014,8.4,1724
tt5060376,8.1,1689
tt5158338,7.9,1765
tt5135540,9.1,2444
tt5182064,8.5,1765
tt5182070,7.4,1556
tt5182072,7.6,1563
tt5182074,7.7,1556
tt5182076,7.5,1499
tt5155304,9.2,2625
tt5182078,7.4,1471
tt5182084,8.0,1711
tt5182088,8.9,2382
tt5182086,7.8,2185
tt5182092,7.7,1510
tt5182096,8.1,1478
tt5182098,8.5,1581
tt5640786,8.9,2088
tt3381714,8.2,2402
tt4045862,7.9,2048
tt3977666,7.8,1950
tt4061178,7.8,1913
tt4054174,7.6,1944
tt4109836,7.9,1993
tt4094332,8.1,1895
tt4156774,8.5,2034
tt4210902,8.8,2398
tt4283600,8.6,2090
tt4287704,7.5,1763
tt4355076,7.4,1781
tt4378652,7.7,1734
tt4454532,8.0,1820
tt4472210,6.9,1992
tt4491502,8.3,1923
tt4509728,7.7,1675
tt4527132,8.1,1827
tt4578464,8.8,2089
tt4558970,7.9,1650
tt4578448,8.7,1919
tt4578450,9.1,2559
tt2920128,8.2,4792
tt3173404,7.9,3542
tt3173406,7.6,3140
tt3173408,8.1,3169
tt3173410,7.7,2857
tt3265304,7.8,2702
tt3277226,7.6,2627
tt3276448,7.8,2568
tt3276450,8.9,3520
tt3276452,8.8,3108
tt3276454,8.3,2583
tt3276456,7.8,2329
tt3276458,8.0,2332
tt3276460,7.7,2321
tt3276462,7.9,2307
tt3276464,8.0,2283
tt3276466,7.8,2258
tt3276468,8.1,2189
tt3276470,8.4,2240
tt3276472,7.9,2144
tt3276474,8.4,2279
tt3276476,8.8,2717
tt5257552,8.0,1571
tt6047394,7.8,1449
tt6047396,7.7,1342
tt5992968,7.2,1339
tt4227538,8.8,23088
tt4562758,8.5,17519
tt4625856,8.2,16016
tt4625862,8.6,15980
tt4625866,8.6,15262
tt4630544,8.8,15443
tt4630546,9.4,20763
tt4458814,8.7,14543
tt5220026,9.3,19040
tt5229638,9.7,30711
tt6243294,8.2,13183
tt6243296,8.1,11285
tt6243298,7.9,10549
tt6243300,8.9,13824
tt6243302,7.8,11502
tt6243304,8.0,9879
tt6243306,8.5,10905
tt6243308,9.2,18142
tt6243310,8.7,10828
tt6243312,8.7,12289
tt10011160,7.2,9443
tt10011158,7.8,7651
tt10011156,8.2,8122
tt10011154,7.9,9304
tt10011152,8.7,9869
tt10011150,8.1,8581
tt9899922,8.2,9082
tt8358332,8.2,11170
tt2283336,5.6,134120
tt1981115,6.8,677881
tt3501632,7.9,739961
tt9419884,7.0,386093
tt10573616,8.0,7812
tt10573618,7.7,6635
tt10573620,7.9,6403
tt10573622,8.5,7016
tt10573624,8.4,8189
tt1131729,7.3,111943
tt10573626,9.2,9714
tt10573628,6.9,5514
tt10573630,7.2,4983
tt10573632,7.5,4821
tt10573634,7.7,5166
tt12191076,7.2,4530
tt0120903,7.3,612986
tt15068862,7.7,3718
tt15134338,8.3,3848
tt15176904,8.8,4959
tt15452848,8.7,4111
tt15541082,8.2,3396
tt15541086,8.3,3405
tt15723862,7.0,3839
tt0473075,6.6,289780
tt9788618,7.3,43492
tt10582302,7.3,39631
tt0120616,7.1,427707
tt0086250,8.3,830717
tt0167404,8.2,984012
tt0120382,8.2,1064505
tt0110413,8.5,1148184
tt10693728,8.4,488
tt11908150,7.6,347
tt1253863,6.2,301070
tt12724658,7.7,348
tt12064154,7.6,317
tt11997184,7.5,320
tt13278800,7.8,308
tt13432982,7.3,294
tt11609034,7.2,25618
tt8267604,8.4,88442
tt13432984,8.0,298
tt11198338,8.8,45185
tt11198340,8.5,33909
tt13432986,7.6,284
tt13438092,8.2,307
tt13450684,8.1,272
tt14482482,7.9,269
tt14482484,8.6,343
tt10648342,6.4,266634
tt11609038,7.1,17918
tt11609040,6.8,11655
tt0363163,8.2,354583
tt11198346,8.2,19988
tt0861739,8.0,104226
tt1555149,8.0,83242
tt0197139,9.2,4473
tt2169102,8.3,2372
tt2333756,7.7,1573
tt2386714,7.6,1361
tt2386716,7.4,1255
tt2457176,7.8,1193
tt2161128,7.6,1212
tt2481792,7.6,1132
tt2522196,7.3,1099
tt2479358,7.4,1068
tt2579104,7.0,1071
tt2649034,7.1,957
tt2649068,7.3,945
tt2675842,7.8,988
tt2675850,7.5,938
tt2675848,7.7,1108
tt2751234,8.0,1177
tt3196602,7.5,833
tt3241172,7.8,789
tt3241174,7.6,785
tt3253608,7.6,740
tt3464706,8.0,772
tt3325864,7.8,754
tt3401836,7.4,672
tt3520038,8.1,805
tt3551746,7.4,674
tt3501804,7.6,673
tt3554012,7.5,652
tt3531520,7.7,666
tt3588286,7.8,700
tt3588288,7.9,764
tt3587392,7.3,758
tt4173488,7.3,637
tt4139568,7.2,595
tt4166390,7.1,584
tt4244852,7.3,612
tt4220150,7.6,592
tt4227738,7.2,549
tt4294382,7.5,574
tt4345124,7.5,555
tt4346402,8.0,654
tt4483502,7.2,501
tt4501568,7.5,486
tt4507248,7.8,509
tt4630394,7.9,523
tt4630396,7.9,673
tt0678483,8.7,7023
tt0678475,8.5,4898
tt0678477,8.4,4551
tt0678478,8.6,4421
tt0678480,8.8,4522
tt0678484,9.2,5505
tt0678482,9.1,4949
tt0678486,8.6,4106
tt0678487,8.4,4033
tt0678485,8.5,3974
tt0678476,8.5,3974
tt0678481,8.7,3940
tt0678479,9.0,4329
tt0761211,8.9,4172
tt0761209,8.4,3874
tt0761208,8.5,4086
tt0782518,8.5,3870
tt0789620,8.7,3898
tt0761210,8.7,4017
tt0761212,9.1,4531
tt0769383,9.5,6700
tt0799332,9.3,5944
tt5705890,7.7,4405
tt5908776,7.7,3799
tt5908778,7.6,3570
tt5707984,8.1,3587
tt5908780,8.2,3497
tt5908782,8.8,3922
tt6733136,9.2,5209
tt9679520,8.4,3536
tt9679522,8.9,3820
tt9679524,8.9,3861
tt9679526,8.7,3470
tt6733140,9.3,4932
tt6857118,7.9,4744
tt6916926,7.6,4125
tt6916932,8.5,4422
tt6916940,8.0,3768
tt7054032,8.0,3693
tt7155598,8.1,3664
tt7027472,7.7,3604
tt7155610,8.7,4472
tt8880862,7.6,3066
tt9574650,8.2,2831
tt10540520,8.1,2687
tt10540524,8.2,2666
tt10540534,7.7,2539
tt10540538,7.8,2544
tt10540540,8.9,3344
tt10540548,8.6,3210
tt1610527,8.1,52005
tt9606374,6.4,32228
tt0335266,7.7,452172
tt14296084,8.2,1131
tt15567436,8.1,823
tt15567438,8.2,734
tt15329968,7.9,622
tt15567480,8.8,642
tt15315082,8.2,609
tt15567440,8.3,552
tt15567442,9.1,745
tt15567444,9.0,746
tt15567450,9.0,723
tt5449928,8.2,1212
tt5478564,8.5,1218
tt5339034,8.2,1197
tt4759442,8.2,1301
tt5774874,8.0,1353
tt6261578,7.7,1188
tt6261580,7.9,1178
tt6261582,7.7,1149
tt6261584,8.2,1180
tt6261586,7.8,1132
tt1832382,8.3,244484
tt6263000,7.7,1114
tt6263002,7.5,1087
tt6263006,7.8,1095
tt6263008,8.1,1164
tt6263014,8.6,1252
tt6263012,8.0,1082
tt5780828,8.1,1153
