tconst,parentTconst,seasonNumber,episodeNumber
tt0556311,tt0348914,3.0,1.0
tt0556305,tt0348914,3.0,2.0
tt0556294,tt0348914,3.0,3.0
tt0556281,tt0348914,3.0,4.0
tt0556282,tt0348914,3.0,5.0
tt0556283,tt0348914,3.0,6.0
tt0556284,tt0348914,3.0,7.0
tt0556285,tt0348914,3.0,8.0
tt0556290,tt0348914,3.0,9.0
tt0828738,tt0348914,3.0,10.0
tt0770857,tt0348914,3.0,11.0
tt0828739,tt0348914,3.0,12.0
tt2349740,tt2149175,1.0,1.0
tt2573020,tt2149175,1.0,2.0
tt2598996,tt2149175,1.0,3.0
tt2637674,tt2149175,1.0,4.0
tt2637678,tt2149175,1.0,5.0
tt2637676,tt2149175,1.0,6.0
tt2637680,tt2149175,1.0,7.0
tt2637682,tt2149175,1.0,8.0
tt2737870,tt2149175,1.0,9.0
tt2737872,tt2149175,1.0,10.0
tt2737876,tt2149175,1.0,12.0
tt2737880,tt2149175,1.0,13.0
tt2726822,tt2149175,2.0,1.0
tt3459856,tt2149175,2.0,2.0
tt3459862,tt2149175,2.0,3.0
tt3459860,tt2149175,2.0,4.0
tt3459858,tt2149175,2.0,5.0
tt3459866,tt2149175,2.0,6.0
tt3459864,tt2149175,2.0,7.0
tt3533366,tt2149175,2.0,8.0
tt3553756,tt2149175,2.0,9.0
tt3594864,tt2149175,2.0,10.0
tt3594870,tt2149175,2.0,11.0
tt3594868,tt2149175,2.0,12.0
tt3599846,tt2149175,2.0,13.0
tt3672866,tt2149175,3.0,1.0
tt3029774,tt0804503,7.0,1.0
tt3669680,tt0804503,7.0,2.0
tt3678086,tt0804503,7.0,3.0
tt3680402,tt0804503,7.0,4.0
tt3709284,tt0804503,7.0,5.0
tt3709286,tt0804503,7.0,6.0
tt3740788,tt0804503,7.0,7.0
tt3239886,tt0804503,7.0,8.0
tt3868862,tt0804503,7.0,9.0
tt3908430,tt0804503,7.0,10.0
tt3908436,tt0804503,7.0,12.0
tt3783560,tt0804503,7.0,13.0
tt3756834,tt0804503,7.0,14.0
tt2470504,tt0804503,6.0,1.0
tt2649564,tt0804503,6.0,2.0
tt2551222,tt0804503,6.0,3.0
tt2560864,tt0804503,6.0,4.0
tt2717848,tt0804503,6.0,5.0
tt2717850,tt0804503,6.0,6.0
tt2663614,tt0804503,6.0,7.0
tt2882250,tt0804503,6.0,8.0
tt2882248,tt0804503,6.0,9.0
tt2939966,tt0804503,6.0,10.0
tt2939964,tt0804503,6.0,11.0
tt2939970,tt0804503,6.0,12.0
tt2939968,tt0804503,6.0,13.0
tt2049166,tt0804503,5.0,12.0
tt2048448,tt0804503,5.0,1.0
tt2049168,tt0804503,5.0,2.0
tt2049169,tt0804503,5.0,3.0
tt2049170,tt0804503,5.0,4.0
tt2049171,tt0804503,5.0,5.0
tt2049172,tt0804503,5.0,6.0
tt2049174,tt0804503,5.0,8.0
tt2049164,tt0804503,5.0,10.0
tt2049165,tt0804503,5.0,11.0
tt2049167,tt0804503,5.0,13.0
tt1615656,tt0804503,4.0,1.0
tt1615661,tt0804503,4.0,2.0
tt1615662,tt0804503,4.0,3.0
tt1615663,tt0804503,4.0,4.0
tt1615664,tt0804503,4.0,5.0
tt1615665,tt0804503,4.0,6.0
tt1615666,tt0804503,4.0,7.0
tt1615667,tt0804503,4.0,8.0
tt1615668,tt0804503,4.0,9.0
tt1615657,tt0804503,4.0,10.0
tt1615658,tt0804503,4.0,11.0
tt1615659,tt0804503,4.0,12.0
tt1615660,tt0804503,4.0,13.0
tt1439792,tt0804503,3.0,1.0
tt1449612,tt0804503,3.0,2.0
tt1484415,tt0804503,3.0,3.0
tt1484416,tt0804503,3.0,4.0
tt1484417,tt0804503,3.0,5.0
tt1484435,tt0804503,3.0,6.0
tt1472778,tt0804503,3.0,7.0
tt1484662,tt0804503,3.0,8.0
tt1484663,tt0804503,3.0,9.0
tt1484249,tt0804503,3.0,10.0
tt1484250,tt0804503,3.0,11.0
tt1484251,tt0804503,3.0,12.0
tt1484414,tt0804503,3.0,13.0
tt1118051,tt0804503,2.0,1.0
tt1118056,tt0804503,2.0,2.0
tt1118057,tt0804503,2.0,3.0
tt1118058,tt0804503,2.0,4.0
tt1118059,tt0804503,2.0,5.0
tt1118060,tt0804503,2.0,6.0
tt1118061,tt0804503,2.0,7.0
tt1118062,tt0804503,2.0,8.0
tt1118063,tt0804503,2.0,9.0
tt1118052,tt0804503,2.0,10.0
tt1118053,tt0804503,2.0,11.0
tt1118054,tt0804503,2.0,12.0
tt1118055,tt0804503,2.0,13.0
tt1059578,tt0804503,1.0,1.0
tt1049715,tt0804503,1.0,2.0
tt1049716,tt0804503,1.0,3.0
tt1040713,tt0804503,1.0,4.0
tt1097127,tt0804503,1.0,5.0
tt1042049,tt0804503,1.0,6.0
tt1050979,tt0804503,1.0,7.0
tt1097128,tt0804503,1.0,8.0
tt1097298,tt0804503,1.0,9.0
tt1094472,tt0804503,1.0,10.0
tt1108366,tt0804503,1.0,11.0
tt1102103,tt0804503,1.0,12.0
tt1105057,tt0804503,1.0,13.0
tt11033898,tt10155688,1.0,1.0
tt11610548,tt10155688,1.0,2.0
tt11610550,tt10155688,1.0,3.0
tt11610552,tt10155688,1.0,4.0
tt11610556,tt10155688,1.0,5.0
tt11610558,tt10155688,1.0,6.0
tt11610562,tt10155688,1.0,7.0
tt10161330,tt9140554,1.0,1.0
tt10161334,tt9140554,1.0,2.0
tt10161336,tt9140554,1.0,3.0
tt10161340,tt9140554,1.0,4.0
tt10161338,tt9140554,1.0,5.0
tt10161342,tt9140554,1.0,6.0
tt5822200,tt5516154,1.0,2.0
tt5822202,tt5516154,1.0,3.0
tt5822478,tt5516154,1.0,4.0
tt5822482,tt5516154,1.0,5.0
tt5807790,tt5516154,1.0,6.0
tt7664718,tt5516154,1.0,7.0
tt5761072,tt5516154,1.0,1.0
tt4183010,tt2149175,3.0,2.0
tt3203968,tt2699128,1.0,1.0
tt3603056,tt2699128,1.0,2.0
tt3631218,tt2699128,1.0,3.0
tt3594942,tt2699128,1.0,4.0
tt3630790,tt2699128,1.0,5.0
tt3666322,tt2699128,1.0,6.0
tt3725022,tt2699128,1.0,7.0
tt3725024,tt2699128,1.0,8.0
tt3721722,tt2699128,1.0,9.0
tt3721724,tt2699128,1.0,10.0
tt3955000,tt2699128,2.0,1.0
tt4547200,tt2699128,2.0,2.0
tt4550136,tt2699128,2.0,3.0
tt4550146,tt2699128,2.0,4.0
tt4550148,tt2699128,2.0,5.0
tt4550864,tt2699128,2.0,6.0
tt4550868,tt2699128,2.0,8.0
tt4550870,tt2699128,2.0,9.0
tt4510954,tt2699128,2.0,10.0
tt4550866,tt2699128,2.0,7.0
tt5262534,tt2699128,3.0,1.0
tt5337978,tt2699128,3.0,2.0
tt5337984,tt2699128,3.0,3.0
tt5338010,tt2699128,3.0,4.0
tt5338022,tt2699128,3.0,5.0
tt5338034,tt2699128,3.0,6.0
tt5338040,tt2699128,3.0,7.0
tt5338044,tt2699128,3.0,8.0
tt4303066,tt2149175,3.0,3.0
tt5770168,tt5071412,1.0,1.0
tt5974776,tt5071412,1.0,2.0
tt6021898,tt5071412,1.0,3.0
tt6021900,tt5071412,1.0,4.0
tt6021904,tt5071412,1.0,5.0
tt6021906,tt5071412,1.0,6.0
tt6021918,tt5071412,1.0,7.0
tt6021922,tt5071412,1.0,8.0
tt6021926,tt5071412,1.0,9.0
tt6021928,tt5071412,1.0,10.0
tt7258794,tt5071412,2.0,1.0
tt7757530,tt5071412,2.0,2.0
tt8014750,tt5071412,2.0,3.0
tt7831074,tt5071412,2.0,4.0
tt8014756,tt5071412,2.0,5.0
tt7986260,tt5071412,2.0,6.0
tt8014758,tt5071412,2.0,7.0
tt8022752,tt5071412,2.0,8.0
tt8022760,tt5071412,2.0,9.0
tt8022768,tt5071412,2.0,10.0
tt9108660,tt5071412,3.0,1.0
tt9108662,tt5071412,3.0,2.0
tt9108664,tt5071412,3.0,3.0
tt9108666,tt5071412,3.0,4.0
tt9108670,tt5071412,3.0,5.0
tt9108676,tt5071412,3.0,6.0
tt9108674,tt5071412,3.0,7.0
tt9108678,tt5071412,3.0,8.0
tt9108686,tt5071412,3.0,9.0
tt9108684,tt5071412,3.0,10.0
tt2161930,tt1856010,1.0,1.0
tt2250466,tt1856010,1.0,2.0
tt2248444,tt1856010,1.0,3.0
tt2248422,tt1856010,1.0,4.0
tt2294870,tt1856010,1.0,5.0
tt2311910,tt1856010,1.0,6.0
tt2311926,tt1856010,1.0,7.0
tt2312714,tt1856010,1.0,8.0
tt2248426,tt1856010,1.0,9.0
tt2468204,tt1856010,1.0,10.0
tt2440660,tt1856010,1.0,11.0
tt2555986,tt1856010,1.0,12.0
tt2555988,tt1856010,1.0,13.0
tt2811510,tt1856010,2.0,1.0
tt3221190,tt1856010,2.0,2.0
tt2990016,tt1856010,2.0,3.0
tt3001906,tt1856010,2.0,4.0
tt3001926,tt1856010,2.0,5.0
tt3221232,tt1856010,2.0,6.0
tt3147682,tt1856010,2.0,7.0
tt3147690,tt1856010,2.0,8.0
tt3186026,tt1856010,2.0,9.0
tt3221270,tt1856010,2.0,10.0
tt3297502,tt1856010,2.0,11.0
tt3326204,tt1856010,2.0,12.0
tt3326208,tt1856010,2.0,13.0
tt3513862,tt1856010,3.0,1.0
tt3892086,tt1856010,3.0,2.0
tt3892088,tt1856010,3.0,3.0
tt3892094,tt1856010,3.0,4.0
tt3897442,tt1856010,3.0,5.0
tt3897454,tt1856010,3.0,6.0
tt3918768,tt1856010,3.0,7.0
tt4083028,tt1856010,3.0,8.0
tt4035250,tt1856010,3.0,9.0
tt4128566,tt1856010,3.0,10.0
tt4128572,tt1856010,3.0,11.0
tt4128574,tt1856010,3.0,12.0
tt4221826,tt1856010,3.0,13.0
tt4498368,tt1856010,4.0,1.0
tt4817660,tt1856010,4.0,2.0
tt4817664,tt1856010,4.0,3.0
tt4817670,tt1856010,4.0,4.0
tt4949018,tt1856010,4.0,5.0
tt4949028,tt1856010,4.0,6.0
tt5025272,tt1856010,4.0,7.0
tt5095720,tt1856010,4.0,8.0
tt5083704,tt1856010,4.0,9.0
tt5095730,tt1856010,4.0,10.0
tt5095732,tt1856010,4.0,11.0
tt5095742,tt1856010,4.0,12.0
tt5095748,tt1856010,4.0,13.0
tt11193428,tt10986410,1.0,10.0
tt11193420,tt10986410,1.0,9.0
tt11193418,tt10986410,1.0,8.0
tt11156378,tt10986410,1.0,7.0
tt11046490,tt10986410,1.0,6.0
tt11044160,tt10986410,1.0,5.0
tt11044158,tt10986410,1.0,4.0
tt10989892,tt10986410,1.0,3.0
tt10989890,tt10986410,1.0,2.0
tt10989880,tt10986410,1.0,1.0
tt1467481,tt1439629,1.0,1.0
tt1503241,tt1439629,1.0,2.0
tt1480354,tt1439629,1.0,3.0
tt1527326,tt1439629,1.0,4.0
tt1515325,tt1439629,1.0,6.0
tt1515324,tt1439629,1.0,5.0
tt1528909,tt1439629,1.0,7.0
tt1531446,tt1439629,1.0,8.0
tt1544667,tt1439629,1.0,10.0
tt1531175,tt1439629,1.0,9.0
tt1550378,tt1439629,1.0,11.0
tt1559103,tt1439629,1.0,12.0
tt1575766,tt1439629,1.0,13.0
tt1584204,tt1439629,1.0,14.0
tt1593849,tt1439629,1.0,15.0
tt1593848,tt1439629,1.0,16.0
tt1594619,tt1439629,1.0,17.0
tt1612641,tt1439629,1.0,18.0
tt1582821,tt1439629,1.0,19.0
tt1619954,tt1439629,1.0,20.0
tt1628912,tt1439629,1.0,21.0
tt1628913,tt1439629,1.0,22.0
tt1595996,tt1439629,1.0,23.0
tt1628195,tt1439629,1.0,24.0
tt1652486,tt1439629,1.0,25.0
tt1640852,tt1439629,2.0,1.0
tt1640868,tt1439629,2.0,2.0
tt1640863,tt1439629,2.0,3.0
tt1640869,tt1439629,2.0,4.0
tt1640874,tt1439629,2.0,9.0
tt1640870,tt1439629,2.0,5.0
tt1640871,tt1439629,2.0,6.0
tt1640872,tt1439629,2.0,7.0
tt1640873,tt1439629,2.0,8.0
tt1640854,tt1439629,2.0,11.0
tt1640855,tt1439629,2.0,12.0
tt1640853,tt1439629,2.0,10.0
tt1640856,tt1439629,2.0,13.0
tt1824317,tt1439629,2.0,14.0
tt1640857,tt1439629,2.0,15.0
tt1640858,tt1439629,2.0,16.0
tt1640860,tt1439629,2.0,17.0
tt1640861,tt1439629,2.0,18.0
tt1640862,tt1439629,2.0,19.0
tt1640864,tt1439629,2.0,20.0
tt1640865,tt1439629,2.0,21.0
tt1640866,tt1439629,2.0,22.0
tt1640867,tt1439629,2.0,23.0
tt1862636,tt1439629,2.0,24.0
tt1986325,tt1439629,3.0,1.0
tt2060962,tt1439629,3.0,2.0
tt2063144,tt1439629,3.0,3.0
tt2060963,tt1439629,3.0,4.0
tt2063145,tt1439629,3.0,5.0
tt2049724,tt1439629,3.0,6.0
tt2083482,tt1439629,3.0,7.0
tt2083483,tt1439629,3.0,8.0
tt2080563,tt1439629,3.0,9.0
tt2105238,tt1439629,3.0,10.0
tt2117096,tt1439629,3.0,11.0
tt2090774,tt1439629,3.0,12.0
tt2128972,tt1439629,3.0,13.0
tt2127579,tt1439629,3.0,14.0
tt2194835,tt1439629,3.0,15.0
tt2194837,tt1439629,3.0,16.0
tt2194839,tt1439629,3.0,17.0
tt2192103,tt1439629,3.0,18.0
tt2196353,tt1439629,3.0,19.0
tt2383315,tt1439629,3.0,20.0
tt2279599,tt1439629,3.0,21.0
tt2383317,tt1439629,3.0,22.0
tt2295962,tt1439629,4.0,1.0
tt2371360,tt1439629,4.0,2.0
tt2672790,tt1439629,4.0,3.0
tt2699318,tt1439629,4.0,4.0
tt2712482,tt1439629,4.0,5.0
tt2717182,tt1439629,4.0,6.0
tt2764048,tt1439629,4.0,7.0
tt2777464,tt1439629,4.0,8.0
tt2791144,tt1439629,4.0,9.0
tt2578322,tt1439629,4.0,10.0
tt2522288,tt1439629,4.0,11.0
tt2560884,tt1439629,4.0,12.0
tt2855096,tt1439629,4.0,13.0
tt2911368,tt1439629,5.0,1.0
tt3176520,tt1439629,5.0,2.0
tt3230996,tt1439629,5.0,3.0
tt3278566,tt1439629,5.0,4.0
tt3278574,tt1439629,5.0,5.0
tt3278580,tt1439629,5.0,6.0
tt3278586,tt1439629,5.0,7.0
tt3278596,tt1439629,5.0,8.0
tt3278600,tt1439629,5.0,9.0
tt3313070,tt1439629,5.0,10.0
tt3313074,tt1439629,5.0,11.0
tt3313076,tt1439629,5.0,12.0
tt3313082,tt1439629,5.0,13.0
tt4242870,tt1439629,6.0,3.0
tt4242872,tt1439629,6.0,4.0
tt4242876,tt1439629,6.0,5.0
tt4242880,tt1439629,6.0,6.0
tt4242884,tt1439629,6.0,7.0
tt4242890,tt1439629,6.0,8.0
tt4242886,tt1439629,6.0,9.0
tt4242896,tt1439629,6.0,11.0
tt4242898,tt1439629,6.0,12.0
tt3898640,tt1439629,6.0,13.0
tt4242868,tt1439629,6.0,2.0
tt4242892,tt1439629,6.0,10.0
tt3840022,tt1439629,6.0,1.0
tt4259458,tt2149175,3.0,4.0
tt4228750,tt2149175,3.0,5.0
tt4259460,tt2149175,3.0,6.0
tt4277628,tt2149175,3.0,7.0
tt4257820,tt2149175,3.0,8.0
tt4343722,tt2149175,3.0,9.0
tt4331672,tt2149175,3.0,10.0
tt5364812,tt4998350,1.0,1.0
tt5426706,tt4998350,1.0,2.0
tt5429960,tt4998350,1.0,3.0
tt5448634,tt4998350,1.0,4.0
tt5448638,tt4998350,1.0,5.0
tt5448644,tt4998350,1.0,6.0
tt5448646,tt4998350,1.0,7.0
tt5448648,tt4998350,1.0,8.0
tt7399024,tt4998350,2.0,1.0
tt7607990,tt4998350,2.0,2.0
tt7608112,tt4998350,2.0,3.0
tt7806416,tt4998350,2.0,4.0
tt7806424,tt4998350,2.0,5.0
tt0664521,tt0386676,1.0,1.0
tt0664514,tt0386676,1.0,2.0
tt0664517,tt0386676,1.0,3.0
tt0278784,tt0098936,1.0,1.0
tt0734840,tt0098936,1.0,2.0
tt0734843,tt0098936,1.0,3.0
tt0734831,tt0098936,1.0,4.0
tt0734837,tt0098936,1.0,5.0
tt0734818,tt0098936,1.0,6.0
tt0734830,tt0098936,1.0,7.0
tt0734835,tt0098936,1.0,8.0
tt0664523,tt0386676,1.0,4.0
tt0664510,tt0386676,1.0,5.0
tt0664518,tt0386676,1.0,6.0
tt0664525,tt0386676,2.0,1.0
tt0664522,tt0386676,2.0,2.0
tt0664519,tt0386676,2.0,3.0
tt0664527,tt0386676,2.0,4.0
tt0664516,tt0386676,2.0,5.0
tt0664526,tt0386676,2.0,6.0
tt0664524,tt0386676,2.0,7.0
tt0664520,tt0386676,2.0,8.0
tt0664515,tt0386676,2.0,9.0
tt0664513,tt0386676,2.0,10.0
tt0664511,tt0386676,2.0,11.0
tt0664528,tt0386676,2.0,12.0
tt0756967,tt0386676,2.0,13.0
tt0756966,tt0386676,2.0,14.0
tt0664512,tt0386676,2.0,15.0
tt0763221,tt0386676,2.0,16.0
tt0770626,tt0386676,2.0,17.0
tt0779510,tt0386676,2.0,18.0
tt0776249,tt0386676,2.0,19.0
tt0795874,tt0386676,2.0,20.0
tt0796140,tt0386676,2.0,21.0
tt0800604,tt0386676,2.0,22.0
tt0859444,tt0386676,3.0,1.0
tt0859445,tt0386676,3.0,2.0
tt5734500,tt5555260,1.0,1.0
tt5924012,tt5555260,1.0,2.0
tt6099382,tt5555260,1.0,3.0
tt6085956,tt5555260,1.0,4.0
tt6098130,tt5555260,1.0,5.0
tt6072420,tt5555260,1.0,6.0
tt6115024,tt5555260,1.0,7.0
tt6072390,tt5555260,1.0,8.0
tt6034056,tt5555260,1.0,9.0
tt6115034,tt5555260,1.0,10.0
tt6142654,tt5555260,1.0,11.0
tt6142658,tt5555260,1.0,12.0
tt6142662,tt5555260,1.0,13.0
tt6142660,tt5555260,1.0,14.0
tt6142664,tt5555260,1.0,15.0
tt6142668,tt5555260,1.0,16.0
tt6142666,tt5555260,1.0,17.0
tt6142670,tt5555260,1.0,18.0
tt4916994,tt5574490,1.0,1.0
tt5580068,tt5574490,1.0,2.0
tt5580070,tt5574490,1.0,3.0
tt5580074,tt5574490,1.0,4.0
tt5580080,tt5574490,1.0,5.0
tt5580088,tt5574490,1.0,6.0
tt5580090,tt5574490,1.0,7.0
tt5580092,tt5574490,1.0,8.0
tt5580094,tt5574490,1.0,9.0
tt5580096,tt5574490,1.0,10.0
tt0720143,tt0165598,1.0,1.0
tt0757760,tt0165598,1.0,2.0
tt0720167,tt0165598,1.0,3.0
tt0720072,tt0165598,1.0,8.0
tt0720175,tt0165598,1.0,9.0
tt0720075,tt0165598,1.0,5.0
tt0720184,tt0165598,1.0,6.0
tt0776257,tt0165598,1.0,7.0
tt0720170,tt0165598,1.0,10.0
tt0720074,tt0165598,1.0,11.0
tt0720179,tt0165598,1.0,12.0
tt0720161,tt0165598,1.0,13.0
tt0720165,tt0165598,1.0,14.0
tt0720177,tt0165598,1.0,15.0
tt0720087,tt0165598,1.0,16.0
tt0720186,tt0165598,1.0,17.0
tt0720180,tt0165598,1.0,18.0
tt0720145,tt0165598,1.0,19.0
tt0720047,tt0165598,1.0,20.0
tt0720200,tt0165598,1.0,21.0
tt0720146,tt0165598,1.0,22.0
tt0720094,tt0165598,1.0,23.0
tt0720103,tt0165598,1.0,24.0
tt0720183,tt0165598,1.0,25.0
tt0777557,tt0165598,1.0,4.0
tt0720199,tt0165598,2.0,6.0
tt0777560,tt0165598,2.0,7.0
tt0720162,tt0165598,2.0,8.0
tt0720073,tt0165598,2.0,9.0
tt0720152,tt0165598,2.0,10.0
tt0720125,tt0165598,2.0,11.0
tt0720083,tt0165598,2.0,12.0
tt0777559,tt0165598,2.0,13.0
tt0720154,tt0165598,2.0,14.0
tt0720058,tt0165598,2.0,15.0
tt0777555,tt0165598,2.0,17.0
tt0720123,tt0165598,2.0,18.0
tt0720142,tt0165598,2.0,19.0
tt0777562,tt0165598,2.0,20.0
tt0720122,tt0165598,2.0,21.0
tt0720117,tt0165598,2.0,22.0
tt0720099,tt0165598,2.0,23.0
tt0720149,tt0165598,2.0,24.0
tt0777558,tt0165598,2.0,25.0
tt0720134,tt0165598,2.0,26.0
tt0720095,tt0165598,2.0,5.0
tt0720192,tt0165598,2.0,3.0
tt0720153,tt0165598,2.0,2.0
tt0720089,tt0165598,2.0,1.0
tt0720155,tt0165598,3.0,1.0
tt0720150,tt0165598,3.0,2.0
tt0720106,tt0165598,3.0,3.0
tt0720195,tt0165598,3.0,4.0
tt0720157,tt0165598,3.0,5.0
tt0720082,tt0165598,3.0,6.0
tt0777556,tt0165598,3.0,7.0
tt0720116,tt0165598,3.0,8.0
tt0720105,tt0165598,3.0,9.0
tt0720112,tt0165598,3.0,10.0
tt0720205,tt0165598,3.0,11.0
tt0720086,tt0165598,3.0,12.0
tt0720065,tt0165598,3.0,13.0
tt0720147,tt0165598,3.0,14.0
tt0720069,tt0165598,3.0,15.0
tt0720158,tt0165598,3.0,16.0
tt0720124,tt0165598,3.0,17.0
tt0720191,tt0165598,3.0,18.0
tt0720081,tt0165598,3.0,19.0
tt0720100,tt0165598,3.0,20.0
tt0720085,tt0165598,3.0,21.0
tt0720078,tt0165598,3.0,22.0
tt0720061,tt0165598,3.0,23.0
tt0720052,tt0165598,3.0,24.0
tt0720187,tt0165598,3.0,25.0
tt0720077,tt0165598,4.0,2.0
tt0720144,tt0165598,4.0,3.0
tt0720102,tt0165598,4.0,4.0
tt0720059,tt0165598,4.0,5.0
tt0720188,tt0165598,4.0,6.0
tt0720198,tt0165598,4.0,7.0
tt0720070,tt0165598,4.0,8.0
tt0777566,tt0165598,4.0,9.0
tt0720151,tt0165598,4.0,10.0
tt0720190,tt0165598,4.0,11.0
tt0720048,tt0165598,4.0,12.0
tt0720118,tt0165598,4.0,13.0
tt0720080,tt0165598,4.0,14.0
tt0720196,tt0165598,4.0,15.0
tt0720068,tt0165598,4.0,16.0
tt0720121,tt0165598,4.0,17.0
tt0720127,tt0165598,4.0,18.0
tt0720119,tt0165598,4.0,19.0
tt0720064,tt0165598,4.0,20.0
tt0758103,tt0165598,4.0,21.0
tt0720076,tt0165598,4.0,22.0
tt0720104,tt0165598,4.0,23.0
tt0720176,tt0165598,4.0,24.0
tt0720084,tt0165598,4.0,26.0
tt0720130,tt0165598,4.0,27.0
tt0720115,tt0165598,4.0,1.0
tt0720092,tt0165598,5.0,1.0
tt0720109,tt0165598,5.0,2.0
tt0777567,tt0165598,5.0,3.0
tt0720097,tt0165598,5.0,4.0
tt0720148,tt0165598,5.0,5.0
tt0720141,tt0165598,5.0,6.0
tt0720101,tt0165598,5.0,7.0
tt0720174,tt0165598,5.0,8.0
tt0720055,tt0165598,5.0,9.0
tt0777565,tt0165598,5.0,10.0
tt0720182,tt0165598,5.0,11.0
tt0720133,tt0165598,5.0,12.0
tt0720214,tt0165598,5.0,13.0
tt0720050,tt0165598,5.0,14.0
tt0720202,tt0165598,5.0,15.0
tt0720207,tt0165598,5.0,16.0
tt0720053,tt0165598,5.0,17.0
tt0720098,tt0165598,5.0,18.0
tt0720057,tt0165598,5.0,19.0
tt0720137,tt0165598,5.0,20.0
tt0720197,tt0165598,5.0,21.0
tt0720211,tt0165598,5.0,22.0
tt0720138,tt0165598,5.0,23.0
tt0777561,tt0165598,5.0,24.0
tt0720062,tt0165598,5.0,25.0
tt0720185,tt0165598,6.0,1.0
tt0720120,tt0165598,6.0,2.0
tt0777563,tt0165598,6.0,3.0
tt0720178,tt0165598,6.0,4.0
tt0720110,tt0165598,6.0,5.0
tt0720201,tt0165598,6.0,6.0
tt0720063,tt0165598,6.0,7.0
tt0720111,tt0165598,6.0,8.0
tt0720213,tt0165598,6.0,9.0
tt0720046,tt0165598,6.0,10.0
tt0720107,tt0165598,6.0,11.0
tt0720159,tt0165598,6.0,12.0
tt0720209,tt0165598,6.0,13.0
tt0720051,tt0165598,6.0,14.0
tt0720203,tt0165598,6.0,15.0
tt0720131,tt0165598,6.0,16.0
tt0720096,tt0165598,6.0,17.0
tt0720066,tt0165598,6.0,18.0
tt0720169,tt0165598,6.0,19.0
tt0720164,tt0165598,6.0,20.0
tt0720045,tt0165598,6.0,21.0
tt0777564,tt0165598,6.0,22.0
tt0720136,tt0165598,6.0,23.0
tt0720091,tt0165598,6.0,24.0
tt0720189,tt0165598,6.0,25.0
tt4458716,tt2149175,3.0,11.0
tt0720194,tt0165598,7.0,1.0
tt0720128,tt0165598,7.0,2.0
tt0720108,tt0165598,7.0,3.0
tt0720054,tt0165598,7.0,4.0
tt0720114,tt0165598,7.0,5.0
tt0720156,tt0165598,7.0,6.0
tt0720135,tt0165598,7.0,7.0
tt0720049,tt0165598,7.0,8.0
tt0720210,tt0165598,7.0,9.0
tt0720171,tt0165598,7.0,10.0
tt0720208,tt0165598,7.0,11.0
tt0720067,tt0165598,7.0,12.0
tt0720060,tt0165598,7.0,13.0
tt0720168,tt0165598,7.0,14.0
tt0720113,tt0165598,7.0,15.0
tt0720140,tt0165598,7.0,16.0
tt0720071,tt0165598,7.0,17.0
tt0720139,tt0165598,7.0,18.0
tt0720206,tt0165598,7.0,19.0
tt0720090,tt0165598,7.0,20.0
tt0720044,tt0165598,7.0,21.0
tt0720043,tt0165598,7.0,22.0
tt0720173,tt0165598,7.0,23.0
tt0720160,tt0165598,7.0,24.0
tt0720193,tt0165598,7.0,25.0
tt0720056,tt0165598,8.0,1.0
tt0720163,tt0165598,8.0,2.0
tt0720212,tt0165598,8.0,3.0
tt0720132,tt0165598,8.0,4.0
tt0720088,tt0165598,8.0,7.0
tt0720093,tt0165598,8.0,8.0
tt0720204,tt0165598,8.0,9.0
tt0720172,tt0165598,8.0,10.0
tt0757761,tt0165598,8.0,11.0
tt0762534,tt0165598,8.0,12.0
tt0767644,tt0165598,8.0,13.0
tt0780946,tt0165598,8.0,14.0
tt0796168,tt0165598,8.0,15.0
tt0796169,tt0165598,8.0,16.0
tt0796167,tt0165598,8.0,17.0
tt0799370,tt0165598,8.0,18.0
tt0769458,tt0165598,8.0,19.0
tt0802894,tt0165598,8.0,20.0
tt0799723,tt0165598,8.0,21.0
tt0817466,tt0165598,8.0,22.0
tt5866450,tt5574490,2.0,1.0
tt6340206,tt5574490,2.0,2.0
tt6351700,tt5574490,2.0,3.0
tt6374498,tt5574490,2.0,4.0
tt6378404,tt5574490,2.0,5.0
tt6378414,tt5574490,2.0,6.0
tt6378424,tt5574490,2.0,7.0
tt6378430,tt5574490,2.0,8.0
tt6378446,tt5574490,2.0,9.0
tt6351698,tt5574490,2.0,10.0
tt6887628,tt5574490,2.0,11.0
tt6887636,tt5574490,2.0,12.0
tt6975126,tt5574490,2.0,13.0
tt7186580,tt5574490,3.0,1.0
tt7880680,tt5574490,3.0,2.0
tt7941636,tt5574490,3.0,3.0
tt7967172,tt5574490,3.0,4.0
tt8054536,tt5574490,3.0,5.0
tt8111968,tt5574490,3.0,6.0
tt8111972,tt5574490,3.0,7.0
tt8111974,tt5574490,3.0,8.0
tt8227804,tt5574490,3.0,9.0
tt8292740,tt5574490,3.0,10.0
tt8329046,tt5574490,3.0,11.0
tt8367054,tt5574490,3.0,12.0
tt8368550,tt5574490,3.0,13.0
tt8652208,tt5574490,4.0,1.0
tt9421726,tt5574490,4.0,2.0
tt8993280,tt5574490,4.0,3.0
tt9783638,tt5574490,4.0,4.0
tt9881516,tt5574490,4.0,5.0
tt10061642,tt5574490,4.0,6.0
tt10061656,tt5574490,4.0,7.0
tt10061664,tt5574490,4.0,8.0
tt10111020,tt5574490,4.0,9.0
tt10242924,tt5574490,4.0,10.0
tt10728712,tt5574490,4.0,11.0
tt10544282,tt5574490,4.0,12.0
tt10740318,tt5574490,4.0,13.0
tt6439846,tt5555260,2.0,1.0
tt6439842,tt5555260,2.0,2.0
tt6439850,tt5555260,2.0,3.0
tt6439852,tt5555260,2.0,4.0
tt6439856,tt5555260,2.0,5.0
tt6439858,tt5555260,2.0,6.0
tt6439854,tt5555260,2.0,7.0
tt6439848,tt5555260,2.0,8.0
tt6439860,tt5555260,2.0,9.0
tt6439864,tt5555260,2.0,10.0
tt6439862,tt5555260,2.0,11.0
tt6439866,tt5555260,2.0,12.0
tt6439868,tt5555260,2.0,13.0
tt6439870,tt5555260,2.0,14.0
tt6439884,tt5555260,2.0,15.0
tt6439876,tt5555260,2.0,16.0
tt6439880,tt5555260,2.0,17.0
tt6439882,tt5555260,2.0,18.0
tt0868440,tt0386676,3.0,3.0
tt0877241,tt0386676,3.0,4.0
tt0873237,tt0386676,3.0,5.0
tt0888293,tt0386676,3.0,6.0
tt0888292,tt0386676,3.0,7.0
tt0894520,tt0386676,3.0,8.0
tt0900677,tt0386676,3.0,9.0
tt0908674,tt0386676,3.0,10.0
tt0918835,tt0386676,3.0,11.0
tt0934246,tt0386676,3.0,12.0
tt0937879,tt0386676,3.0,13.0
tt0954759,tt0386676,3.0,14.0
tt0962460,tt0386676,3.0,15.0
tt0964922,tt0386676,3.0,16.0
tt0967814,tt0386676,3.0,17.0
tt0983623,tt0386676,3.0,18.0
tt0966362,tt0386676,3.0,19.0
tt1008441,tt0386676,3.0,20.0
tt1020711,tt0386676,3.0,21.0
tt1028389,tt0386676,3.0,22.0
tt1030253,tt0386676,3.0,23.0
tt1026035,tt0386676,4.0,1.0
tt1031459,tt0386676,4.0,2.0
tt1031470,tt0386676,4.0,3.0
tt1031472,tt0386676,4.0,4.0
tt1031473,tt0386676,4.0,5.0
tt1031474,tt0386676,4.0,6.0
tt1031475,tt0386676,4.0,7.0
tt1031476,tt0386676,4.0,8.0
tt1031477,tt0386676,4.0,9.0
tt1031449,tt0386676,4.0,10.0
tt1031450,tt0386676,4.0,11.0
tt1031451,tt0386676,4.0,12.0
tt1031452,tt0386676,4.0,13.0
tt1031453,tt0386676,4.0,14.0
tt1236462,tt0386676,5.0,1.0
tt1248743,tt0386676,5.0,2.0
tt1248747,tt0386676,5.0,3.0
tt1248748,tt0386676,5.0,4.0
tt1248749,tt0386676,5.0,5.0
tt1248750,tt0386676,5.0,6.0
tt1248751,tt0386676,5.0,7.0
tt1248752,tt0386676,5.0,8.0
tt1248753,tt0386676,5.0,9.0
tt1248733,tt0386676,5.0,10.0
tt1248734,tt0386676,5.0,11.0
tt1248735,tt0386676,5.0,12.0
tt1248736,tt0386676,5.0,13.0
tt1248737,tt0386676,5.0,14.0
tt1248738,tt0386676,5.0,15.0
tt1248739,tt0386676,5.0,16.0
tt1248740,tt0386676,5.0,17.0
tt1248741,tt0386676,5.0,18.0
tt1248742,tt0386676,5.0,19.0
tt1248745,tt0386676,5.0,20.0
tt1248744,tt0386676,5.0,21.0
tt1248746,tt0386676,5.0,22.0
tt1268727,tt0386676,5.0,23.0
tt1406712,tt0386676,5.0,24.0
tt1417507,tt0386676,5.0,25.0
tt1417732,tt0386676,5.0,26.0
tt1467798,tt0386676,6.0,1.0
tt1487740,tt0386676,6.0,2.0
tt1487741,tt0386676,6.0,3.0
tt1487742,tt0386676,6.0,4.0
tt5541236,tt0386676,6.0,5.0
tt1520196,tt0386676,6.0,6.0
tt1520197,tt0386676,6.0,7.0
tt1524878,tt0386676,6.0,8.0
tt1531589,tt0386676,6.0,9.0
tt1535367,tt0386676,6.0,10.0
tt1536326,tt0386676,6.0,11.0
tt1544466,tt0386676,6.0,12.0
tt1548747,tt0386676,6.0,13.0
tt1564719,tt0386676,6.0,14.0
tt1564720,tt0386676,6.0,15.0
tt1564721,tt0386676,6.0,16.0
tt1582153,tt0386676,6.0,17.0
tt1582154,tt0386676,6.0,18.0
tt1589333,tt0386676,6.0,19.0
tt1589334,tt0386676,6.0,20.0
tt1589335,tt0386676,6.0,21.0
tt1589336,tt0386676,6.0,22.0
tt1589337,tt0386676,6.0,23.0
tt1589338,tt0386676,6.0,24.0
tt1610228,tt0386676,6.0,25.0
tt1610229,tt0386676,6.0,26.0
tt1691733,tt0386676,7.0,1.0
tt1707764,tt0386676,7.0,2.0
tt1707765,tt0386676,7.0,3.0
tt1707766,tt0386676,7.0,4.0
tt1725593,tt0386676,7.0,5.0
tt1725594,tt0386676,7.0,6.0
tt1724495,tt0386676,7.0,7.0
tt1752582,tt0386676,7.0,8.0
tt1752583,tt0386676,7.0,9.0
tt1752581,tt0386676,7.0,10.0
tt1752584,tt0386676,7.0,11.0
tt1776740,tt0386676,7.0,12.0
tt1810331,tt0386676,7.0,13.0
tt1817005,tt0386676,7.0,14.0
tt1817006,tt0386676,7.0,15.0
tt1817007,tt0386676,7.0,16.0
tt1832204,tt0386676,7.0,17.0
tt1833194,tt0386676,7.0,18.0
tt1833195,tt0386676,7.0,19.0
tt1833196,tt0386676,7.0,20.0
tt1833197,tt0386676,7.0,21.0
tt1848618,tt0386676,7.0,22.0
tt1848619,tt0386676,7.0,23.0
tt1848620,tt0386676,7.0,24.0
tt2000321,tt0386676,8.0,1.0
tt2051718,tt0386676,8.0,2.0
tt2061513,tt0386676,8.0,3.0
tt2072796,tt0386676,8.0,4.0
tt2074990,tt0386676,8.0,5.0
tt2079359,tt0386676,8.0,6.0
tt2077604,tt0386676,8.0,7.0
tt2071306,tt0386676,8.0,8.0
tt2107510,tt0386676,8.0,9.0
tt2113519,tt0386676,8.0,10.0
tt2139249,tt0386676,8.0,11.0
tt2156255,tt0386676,8.0,12.0
tt2181631,tt0386676,8.0,13.0
tt2202113,tt0386676,8.0,15.0
tt2190001,tt0386676,8.0,14.0
tt2213999,tt0386676,8.0,16.0
tt2230719,tt0386676,8.0,17.0
tt2268001,tt0386676,8.0,18.0
tt2267999,tt0386676,8.0,19.0
tt2280881,tt0386676,8.0,20.0
tt2362659,tt0386676,8.0,21.0
tt2366113,tt0386676,8.0,22.0
tt2366115,tt0386676,8.0,23.0
tt2374269,tt0386676,8.0,24.0
tt2240226,tt0386676,9.0,1.0
tt2240224,tt0386676,9.0,2.0
tt2359466,tt0386676,9.0,3.0
tt2349780,tt0386676,9.0,4.0
tt2433396,tt0386676,9.0,5.0
tt2435600,tt0386676,9.0,6.0
tt2471292,tt0386676,9.0,7.0
tt2476014,tt0386676,9.0,8.0
tt2514850,tt0386676,9.0,9.0
tt2572724,tt0386676,9.0,10.0
tt2572726,tt0386676,9.0,11.0
tt2572728,tt0386676,9.0,12.0
tt2572732,tt0386676,9.0,13.0
tt2572734,tt0386676,9.0,14.0
tt2572738,tt0386676,9.0,15.0
tt2572740,tt0386676,9.0,16.0
tt2361870,tt0386676,9.0,17.0
tt2669734,tt0386676,9.0,18.0
tt2669736,tt0386676,9.0,19.0
tt2669744,tt0386676,9.0,20.0
tt2669740,tt0386676,9.0,22.0
tt2876480,tt0386676,9.0,21.0
tt2669746,tt0386676,9.0,23.0
tt2991722,tt2628232,1.0,1.0
tt3591824,tt2707408,1.0,1.0
tt3736868,tt2707408,1.0,2.0
tt3736866,tt2707408,1.0,3.0
tt3736870,tt2707408,1.0,4.0
tt3736874,tt2707408,1.0,5.0
tt3736872,tt2707408,1.0,6.0
tt3736876,tt2707408,1.0,7.0
tt3736878,tt2707408,1.0,8.0
tt3736882,tt2707408,1.0,9.0
tt3736880,tt2707408,1.0,10.0
tt5011946,tt2707408,2.0,1.0
tt5714376,tt2707408,2.0,2.0
tt5714386,tt2707408,2.0,3.0
tt5714396,tt2707408,2.0,4.0
tt5714398,tt2707408,2.0,5.0
tt5714400,tt2707408,2.0,6.0
tt5714404,tt2707408,2.0,8.0
tt5714406,tt2707408,2.0,9.0
tt5714408,tt2707408,2.0,10.0
tt4608554,tt4270492,1.0,1.0
tt4674946,tt4270492,1.0,2.0
tt4700648,tt4270492,1.0,3.0
tt4704400,tt4270492,1.0,4.0
tt4772192,tt4270492,1.0,5.0
tt4776698,tt4270492,1.0,7.0
tt4776696,tt4270492,1.0,6.0
tt4776710,tt4270492,1.0,8.0
tt4790002,tt4270492,1.0,9.0
tt4790766,tt4270492,1.0,10.0
tt4790768,tt4270492,1.0,11.0
tt4608560,tt4270492,1.0,12.0
tt5376026,tt4270492,2.0,1.0
tt5829294,tt4270492,2.0,2.0
tt5946238,tt4270492,2.0,3.0
tt5989406,tt4270492,2.0,5.0
tt6092996,tt4270492,2.0,6.0
tt6062920,tt4270492,2.0,7.0
tt6093000,tt4270492,2.0,8.0
tt6093004,tt4270492,2.0,9.0
tt6093006,tt4270492,2.0,10.0
tt5960350,tt4270492,2.0,11.0
tt5691466,tt4270492,2.0,12.0
tt6667762,tt4270492,3.0,1.0
tt7549654,tt4270492,3.0,2.0
tt7471904,tt4270492,3.0,3.0
tt7620520,tt4270492,3.0,4.0
tt7620518,tt4270492,3.0,5.0
tt7731480,tt4270492,3.0,7.0
tt7780756,tt4270492,3.0,8.0
tt7780758,tt4270492,3.0,9.0
tt7549638,tt4270492,3.0,10.0
tt7549642,tt4270492,3.0,11.0
tt6667766,tt4270492,3.0,12.0
tt8490712,tt4270492,4.0,1.0
tt9261354,tt4270492,4.0,2.0
tt9141488,tt4270492,4.0,3.0
tt9256906,tt4270492,4.0,4.0
tt9261360,tt4270492,4.0,5.0
tt9261364,tt4270492,4.0,6.0
tt9261366,tt4270492,4.0,7.0
tt9261368,tt4270492,4.0,8.0
tt9261372,tt4270492,4.0,9.0
tt9261374,tt4270492,4.0,10.0
tt9261376,tt4270492,4.0,11.0
tt8490718,tt4270492,4.0,12.0
tt1501844,tt1344204,1.0,1.0
tt1586274,tt1344204,1.0,2.0
tt1588504,tt1344204,1.0,3.0
tt1488675,tt1344204,1.0,4.0
tt1592911,tt1344204,1.0,5.0
tt1599448,tt1344204,1.0,6.0
tt1600236,tt1344204,1.0,7.0
tt1605844,tt1344204,1.0,8.0
tt1586773,tt1344204,1.0,9.0
tt1600234,tt1344204,1.0,10.0
tt1600235,tt1344204,1.0,11.0
tt1531132,tt1344204,1.0,12.0
tt1619510,tt1344204,1.0,13.0
tt1679357,tt1344204,2.0,1.0
tt1671021,tt1344204,2.0,2.0
tt1678107,tt1344204,2.0,3.0
tt1692534,tt1344204,2.0,4.0
tt1729410,tt1344204,2.0,5.0
tt1724343,tt1344204,2.0,6.0
tt1730805,tt1344204,2.0,7.0
tt1730806,tt1344204,2.0,8.0
tt1730807,tt1344204,2.0,9.0
tt1717256,tt1344204,2.0,10.0
tt1730804,tt1344204,2.0,11.0
tt1717257,tt1344204,2.0,12.0
tt1822452,tt1344204,2.0,13.0
tt2048032,tt1344204,3.0,1.0
tt2014508,tt1344204,3.0,2.0
tt2058780,tt1344204,3.0,3.0
tt2000694,tt1344204,3.0,4.0
tt2014509,tt1344204,3.0,5.0
tt2081643,tt1344204,3.0,6.0
tt2070931,tt1344204,3.0,7.0
tt2091520,tt1344204,3.0,8.0
tt2014507,tt1344204,3.0,9.0
tt1983061,tt1344204,3.0,10.0
tt2048031,tt1344204,3.0,11.0
tt2048033,tt1344204,3.0,12.0
tt2048034,tt1344204,3.0,13.0
tt1869908,tt1833285,1.0,1.0
tt1942198,tt1833285,1.0,2.0
tt1949652,tt1833285,1.0,3.0
tt1932848,tt1833285,1.0,4.0
tt2003074,tt1833285,1.0,5.0
tt2000696,tt1833285,1.0,6.0
tt2003075,tt1833285,1.0,7.0
tt1990487,tt1833285,1.0,8.0
tt2324143,tt1833285,2.0,2.0
tt2329081,tt1833285,2.0,1.0
tt2385363,tt1833285,2.0,3.0
tt2385365,tt1833285,2.0,4.0
tt2205536,tt1833285,2.0,5.0
tt2401265,tt1833285,2.0,6.0
tt2231476,tt1833285,2.0,7.0
tt2235140,tt1833285,2.0,8.0
tt2235138,tt1833285,2.0,9.0
tt2189936,tt1833285,2.0,10.0
tt0556296,tt0348914,1.0,1.0
tt0556297,tt0348914,1.0,2.0
tt0556306,tt0348914,1.0,3.0
tt0556299,tt0348914,1.0,4.0
tt0556312,tt0348914,1.0,5.0
tt0556304,tt0348914,1.0,6.0
tt0556292,tt0348914,1.0,7.0
tt0556310,tt0348914,1.0,8.0
tt0556303,tt0348914,1.0,9.0
tt0556301,tt0348914,1.0,10.0
tt0556300,tt0348914,1.0,11.0
tt0556308,tt0348914,1.0,12.0
tt0556286,tt0348914,2.0,1.0
tt0556287,tt0348914,2.0,2.0
tt0556302,tt0348914,2.0,3.0
tt0556307,tt0348914,2.0,4.0
tt0556295,tt0348914,2.0,5.0
tt0556309,tt0348914,2.0,6.0
tt0556298,tt0348914,2.0,7.0
tt0556293,tt0348914,2.0,8.0
tt0556289,tt0348914,2.0,9.0
tt0556288,tt0348914,2.0,10.0
tt0556313,tt0348914,2.0,11.0
tt0556291,tt0348914,2.0,12.0
tt0785280,tt0773262,1.0,1.0
tt0757186,tt0773262,1.0,2.0
tt0828745,tt0773262,1.0,3.0
tt0824887,tt0773262,1.0,4.0
tt0823912,tt0773262,1.0,5.0
tt0836899,tt0773262,1.0,6.0
tt0859272,tt0773262,1.0,7.0
tt0859273,tt0773262,1.0,8.0
tt0866567,tt0773262,1.0,9.0
tt0866568,tt0773262,1.0,10.0
tt0866569,tt0773262,1.0,11.0
tt0877058,tt0773262,1.0,12.0
tt1013977,tt0773262,2.0,1.0
tt1013981,tt0773262,2.0,2.0
tt1013982,tt0773262,2.0,3.0
tt1013983,tt0773262,2.0,4.0
tt1013984,tt0773262,2.0,5.0
tt1013986,tt0773262,2.0,7.0
tt1013987,tt0773262,2.0,8.0
tt1013985,tt0773262,2.0,6.0
tt1013988,tt0773262,2.0,9.0
tt1013978,tt0773262,2.0,10.0
tt1013979,tt0773262,2.0,11.0
tt1013980,tt0773262,2.0,12.0
tt1242111,tt0773262,3.0,1.0
tt1242115,tt0773262,3.0,2.0
tt1242116,tt0773262,3.0,3.0
tt1242117,tt0773262,3.0,4.0
tt1242118,tt0773262,3.0,5.0
tt1242119,tt0773262,3.0,6.0
tt1242120,tt0773262,3.0,7.0
tt1242121,tt0773262,3.0,8.0
tt1242122,tt0773262,3.0,9.0
tt1242112,tt0773262,3.0,10.0
tt1242113,tt0773262,3.0,11.0
tt1242114,tt0773262,3.0,12.0
tt1444418,tt0773262,4.0,1.0
tt1444422,tt0773262,4.0,2.0
tt1444423,tt0773262,4.0,3.0
tt1444424,tt0773262,4.0,4.0
tt1444425,tt0773262,4.0,5.0
tt1444426,tt0773262,4.0,6.0
tt1444427,tt0773262,4.0,7.0
tt1444428,tt0773262,4.0,8.0
tt1444429,tt0773262,4.0,9.0
tt1444419,tt0773262,4.0,10.0
tt1444420,tt0773262,4.0,11.0
tt1444421,tt0773262,4.0,12.0
tt1615586,tt0773262,5.0,1.0
tt1681772,tt0773262,5.0,2.0
tt1691535,tt0773262,5.0,3.0
tt1691360,tt0773262,5.0,4.0
tt1699327,tt0773262,5.0,5.0
tt1699544,tt0773262,5.0,6.0
tt1721224,tt0773262,5.0,7.0
tt1720655,tt0773262,5.0,8.0
tt1733347,tt0773262,5.0,9.0
tt1733346,tt0773262,5.0,10.0
tt1733345,tt0773262,5.0,11.0
tt1733344,tt0773262,5.0,12.0
tt1790076,tt0773262,6.0,1.0
tt1890880,tt0773262,6.0,2.0
tt1890881,tt0773262,6.0,3.0
tt1890882,tt0773262,6.0,4.0
tt1890883,tt0773262,6.0,5.0
tt1890884,tt0773262,6.0,6.0
tt1890885,tt0773262,6.0,7.0
tt1890886,tt0773262,6.0,8.0
tt1890887,tt0773262,6.0,9.0
tt1890877,tt0773262,6.0,10.0
tt1890878,tt0773262,6.0,11.0
tt1890879,tt0773262,6.0,12.0
tt2134715,tt0773262,7.0,1.0
tt2403521,tt0773262,7.0,2.0
tt2170724,tt0773262,7.0,3.0
tt2218408,tt0773262,7.0,4.0
tt2207888,tt0773262,7.0,5.0
tt2207890,tt0773262,7.0,6.0
tt2235984,tt0773262,7.0,7.0
tt2235982,tt0773262,7.0,8.0
tt2235988,tt0773262,7.0,9.0
tt2235986,tt0773262,7.0,10.0
tt2235996,tt0773262,7.0,11.0
tt2235994,tt0773262,7.0,12.0
tt2577702,tt0773262,8.0,1.0
tt2578758,tt0773262,8.0,2.0
tt2578760,tt0773262,8.0,3.0
tt2578762,tt0773262,8.0,4.0
tt2578764,tt0773262,8.0,5.0
tt2578770,tt0773262,8.0,6.0
tt2578776,tt0773262,8.0,7.0
tt2578778,tt0773262,8.0,8.0
tt2578782,tt0773262,8.0,9.0
tt2578788,tt0773262,8.0,10.0
tt2578790,tt0773262,8.0,11.0
tt2578802,tt0773262,8.0,12.0
tt2370419,tt2243973,1.0,1.0
tt2373027,tt2243973,1.0,2.0
tt2373029,tt2243973,1.0,3.0
tt2373031,tt2243973,1.0,4.0
tt2373033,tt2243973,1.0,5.0
tt2373035,tt2243973,1.0,6.0
tt2373037,tt2243973,1.0,7.0
tt2373039,tt2243973,1.0,8.0
tt2373041,tt2243973,1.0,9.0
tt2373019,tt2243973,1.0,10.0
tt2373021,tt2243973,1.0,11.0
tt2373023,tt2243973,1.0,12.0
tt2373025,tt2243973,1.0,13.0
tt3000124,tt2243973,2.0,1.0
tt3230882,tt2243973,2.0,2.0
tt3230884,tt2243973,2.0,3.0
tt3230886,tt2243973,2.0,4.0
tt3230890,tt2243973,2.0,5.0
tt3230896,tt2243973,2.0,6.0
tt3230898,tt2243973,2.0,7.0
tt3230894,tt2243973,2.0,8.0
tt3230900,tt2243973,2.0,9.0
tt3230904,tt2243973,2.0,10.0
tt3230906,tt2243973,2.0,11.0
tt3230910,tt2243973,2.0,12.0
tt3230908,tt2243973,2.0,13.0
tt3724578,tt2243973,3.0,1.0
tt3984450,tt2243973,3.0,2.0
tt3984452,tt2243973,3.0,3.0
tt3984456,tt2243973,3.0,4.0
tt4035340,tt2243973,3.0,5.0
tt4057954,tt2243973,3.0,6.0
tt4057962,tt2243973,3.0,7.0
tt4057974,tt2243973,3.0,8.0
tt4089740,tt2243973,3.0,9.0
tt4089746,tt2243973,3.0,10.0
tt4089748,tt2243973,3.0,11.0
tt4089752,tt2243973,3.0,12.0
tt4089754,tt2243973,3.0,13.0
tt1811020,tt1796960,1.0,1.0
tt1988308,tt1796960,1.0,2.0
tt1988309,tt1796960,1.0,3.0
tt2011518,tt1796960,1.0,4.0
tt2023998,tt1796960,1.0,5.0
tt2024865,tt1796960,1.0,6.0
tt2043149,tt1796960,1.0,7.0
tt2041952,tt1796960,1.0,8.0
tt2081742,tt1796960,1.0,9.0
tt2081741,tt1796960,1.0,10.0
tt2084389,tt1796960,1.0,11.0
tt2084390,tt1796960,1.0,12.0
tt2100961,tt1796960,2.0,1.0
tt2385581,tt1796960,2.0,2.0
tt2385583,tt1796960,2.0,3.0
tt2385585,tt1796960,2.0,4.0
tt2325080,tt1796960,2.0,5.0
tt2355180,tt1796960,2.0,7.0
tt2368314,tt1796960,2.0,8.0
tt2368332,tt1796960,2.0,9.0
tt2408792,tt1796960,2.0,10.0
tt2408796,tt1796960,2.0,11.0
tt2408794,tt1796960,2.0,12.0
tt0606110,tt0460649,1.0,1.0
tt0606111,tt0460649,1.0,2.0
tt0606117,tt0460649,1.0,3.0
tt0606112,tt0460649,1.0,4.0
tt0606109,tt0460649,1.0,5.0
tt0606116,tt0460649,1.0,6.0
tt0606108,tt0460649,1.0,7.0
tt0606113,tt0460649,1.0,8.0
tt0606104,tt0460649,1.0,9.0
tt0606115,tt0460649,1.0,10.0
tt0606114,tt0460649,1.0,11.0
tt0606118,tt0460649,1.0,12.0
tt0606106,tt0460649,1.0,13.0
tt0606119,tt0460649,1.0,14.0
tt0606107,tt0460649,1.0,15.0
tt0606105,tt0460649,1.0,16.0
tt0756504,tt0460649,1.0,17.0
tt0606103,tt0460649,1.0,18.0
tt0788623,tt0460649,1.0,19.0
tt0760776,tt0460649,1.0,20.0
tt0801608,tt0460649,1.0,21.0
tt0774239,tt0460649,1.0,22.0
tt0863640,tt0460649,2.0,1.0
tt0869673,tt0460649,2.0,2.0
tt0873024,tt0460649,2.0,3.0
tt0858000,tt0460649,2.0,4.0
tt0866188,tt0460649,2.0,5.0
tt0865115,tt0460649,2.0,6.0
tt0875360,tt0460649,2.0,7.0
tt0885871,tt0460649,2.0,8.0
tt0885872,tt0460649,2.0,9.0
tt0892578,tt0460649,2.0,10.0
tt0904645,tt0460649,2.0,11.0
tt0897111,tt0460649,2.0,12.0
tt0924673,tt0460649,2.0,13.0
tt0933496,tt0460649,2.0,14.0
tt0946316,tt0460649,2.0,15.0
tt0943657,tt0460649,2.0,16.0
tt0969965,tt0460649,2.0,17.0
tt0978049,tt0460649,2.0,18.0
tt0966112,tt0460649,2.0,19.0
tt0994245,tt0460649,2.0,20.0
tt0982196,tt0460649,2.0,21.0
tt1017766,tt0460649,2.0,22.0
tt1084790,tt0460649,3.0,1.0
tt1115217,tt0460649,3.0,2.0
tt1097293,tt0460649,3.0,3.0
tt1094834,tt0460649,3.0,4.0
tt1121411,tt0460649,3.0,5.0
tt1117436,tt0460649,3.0,6.0
tt1120228,tt0460649,3.0,7.0
tt1140904,tt0460649,3.0,8.0
tt1142665,tt0460649,3.0,9.0
tt1155839,tt0460649,3.0,10.0
tt1154186,tt0460649,3.0,11.0
tt1203040,tt0460649,3.0,12.0
tt1204516,tt0460649,3.0,13.0
tt1206872,tt0460649,3.0,14.0
tt1206866,tt0460649,3.0,15.0
tt1206867,tt0460649,3.0,16.0
tt1206868,tt0460649,3.0,17.0
tt1206869,tt0460649,3.0,18.0
tt1206870,tt0460649,3.0,19.0
tt1206871,tt0460649,3.0,20.0
tt1256606,tt0460649,4.0,1.0
tt1256181,tt0460649,4.0,2.0
tt1256185,tt0460649,4.0,3.0
tt1256186,tt0460649,4.0,4.0
tt1256187,tt0460649,4.0,5.0
tt1256188,tt0460649,4.0,6.0
tt1256189,tt0460649,4.0,7.0
tt1256190,tt0460649,4.0,8.0
tt1256191,tt0460649,4.0,9.0
tt1256171,tt0460649,4.0,10.0
tt1256172,tt0460649,4.0,11.0
tt1256173,tt0460649,4.0,12.0
tt1256175,tt0460649,4.0,14.0
tt1256174,tt0460649,4.0,13.0
tt1256176,tt0460649,4.0,15.0
tt1256177,tt0460649,4.0,16.0
tt1256178,tt0460649,4.0,17.0
tt1256179,tt0460649,4.0,18.0
tt1256180,tt0460649,4.0,19.0
tt1256182,tt0460649,4.0,20.0
tt1256184,tt0460649,4.0,21.0
tt1256183,tt0460649,4.0,22.0
tt1410619,tt0460649,4.0,23.0
tt1425523,tt0460649,4.0,24.0
tt1491272,tt0460649,5.0,1.0
tt1510422,tt0460649,5.0,2.0
tt1520584,tt0460649,5.0,3.0
tt1523038,tt0460649,5.0,4.0
tt1523745,tt0460649,5.0,5.0
tt1531287,tt0460649,5.0,6.0
tt1536724,tt0460649,5.0,7.0
tt1541289,tt0460649,5.0,8.0
tt1541288,tt0460649,5.0,9.0
tt1553522,tt0460649,5.0,10.0
tt1559709,tt0460649,5.0,11.0
tt1570154,tt0460649,5.0,12.0
tt1570155,tt0460649,5.0,13.0
tt1576524,tt0460649,5.0,14.0
tt1589779,tt0460649,5.0,15.0
tt1595724,tt0460649,5.0,16.0
tt1609315,tt0460649,5.0,17.0
tt1610780,tt0460649,5.0,18.0
tt1624286,tt0460649,5.0,19.0
tt1631001,tt0460649,5.0,20.0
tt1632014,tt0460649,5.0,21.0
tt1640994,tt0460649,5.0,23.0
tt1632015,tt0460649,5.0,22.0
tt1648494,tt0460649,5.0,24.0
tt1701804,tt0460649,6.0,1.0
tt1713733,tt0460649,6.0,2.0
tt1723669,tt0460649,6.0,3.0
tt1733369,tt0460649,6.0,4.0
tt1737327,tt0460649,6.0,5.0
tt1737328,tt0460649,6.0,6.0
tt1746026,tt0460649,6.0,7.0
tt1757176,tt0460649,6.0,8.0
tt1763611,tt0460649,6.0,9.0
tt1777828,tt0460649,6.0,10.0
tt1779155,tt0460649,6.0,11.0
tt1778997,tt0460649,6.0,12.0
tt1795967,tt0460649,6.0,13.0
tt1795956,tt0460649,6.0,14.0
tt1795957,tt0460649,6.0,15.0
tt1795958,tt0460649,6.0,16.0
tt1795959,tt0460649,6.0,17.0
tt1795960,tt0460649,6.0,18.0
tt1795961,tt0460649,6.0,19.0
tt1795962,tt0460649,6.0,20.0
tt1795963,tt0460649,6.0,21.0
tt1795964,tt0460649,6.0,22.0
tt1795965,tt0460649,6.0,23.0
tt1795966,tt0460649,6.0,24.0
tt1982341,tt0460649,7.0,1.0
tt2039807,tt0460649,7.0,2.0
tt2049132,tt0460649,7.0,3.0
tt2049980,tt0460649,7.0,4.0
tt2071800,tt0460649,7.0,5.0
tt2072524,tt0460649,7.0,6.0
tt2072525,tt0460649,7.0,7.0
tt2072526,tt0460649,7.0,8.0
tt2094413,tt0460649,7.0,9.0
tt2102769,tt0460649,7.0,10.0
tt2108075,tt0460649,7.0,11.0
tt2121966,tt0460649,7.0,12.0
tt2157459,tt0460649,7.0,13.0
tt2157457,tt0460649,7.0,14.0
tt2216757,tt0460649,7.0,15.0
tt2216759,tt0460649,7.0,16.0
tt2212411,tt0460649,7.0,17.0
tt2247489,tt0460649,7.0,18.0
tt2265943,tt0460649,7.0,19.0
tt2336905,tt0460649,7.0,20.0
tt2346207,tt0460649,7.0,21.0
tt2376741,tt0460649,7.0,22.0
tt2376743,tt0460649,7.0,23.0
tt2376745,tt0460649,7.0,24.0
tt2252518,tt0460649,8.0,1.0
tt2414774,tt0460649,8.0,2.0
tt2428798,tt0460649,8.0,3.0
tt2428796,tt0460649,8.0,4.0
tt2460610,tt0460649,8.0,5.0
tt2460618,tt0460649,8.0,6.0
tt2460620,tt0460649,8.0,7.0
tt2445770,tt0460649,8.0,8.0
tt2466704,tt0460649,8.0,9.0
tt2547538,tt0460649,8.0,10.0
tt2556002,tt0460649,8.0,11.0
tt2556008,tt0460649,8.0,12.0
tt2569148,tt0460649,8.0,13.0
tt2630114,tt0460649,8.0,14.0
tt2654452,tt0460649,8.0,15.0
tt2676388,tt0460649,8.0,16.0
tt2712100,tt0460649,8.0,17.0
tt2668726,tt0460649,8.0,18.0
tt2777232,tt0460649,8.0,19.0
tt2733014,tt0460649,8.0,20.0
tt2815916,tt0460649,8.0,21.0
tt2847436,tt0460649,8.0,22.0
tt2795770,tt0460649,8.0,23.0
tt2861788,tt0460649,8.0,24.0
tt2802532,tt0460649,9.0,1.0
tt3040972,tt0460649,9.0,2.0
tt3040980,tt0460649,9.0,3.0
tt3113690,tt0460649,9.0,4.0
tt3212666,tt0460649,9.0,5.0
tt3268352,tt0460649,9.0,6.0
tt3268354,tt0460649,9.0,7.0
tt3268356,tt0460649,9.0,8.0
tt3247720,tt0460649,9.0,9.0
tt3317356,tt0460649,9.0,10.0
tt3331436,tt0460649,9.0,11.0
tt3353092,tt0460649,9.0,12.0
tt3382270,tt0460649,9.0,13.0
tt3359400,tt0460649,9.0,14.0
tt3390680,tt0460649,9.0,15.0
tt3390684,tt0460649,9.0,16.0
tt3415286,tt0460649,9.0,17.0
tt3415288,tt0460649,9.0,18.0
tt3415292,tt0460649,9.0,19.0
tt3415296,tt0460649,9.0,20.0
tt3415298,tt0460649,9.0,21.0
tt3415300,tt0460649,9.0,22.0
tt3415302,tt0460649,9.0,23.0
tt3415304,tt0460649,9.0,24.0
tt1522554,tt1489428,1.0,1.0
tt1616292,tt1489428,1.0,2.0
tt1594763,tt1489428,1.0,3.0
tt1566258,tt1489428,1.0,4.0
tt1540598,tt1489428,1.0,5.0
tt1588042,tt1489428,1.0,6.0
tt1588574,tt1489428,1.0,7.0
tt1629832,tt1489428,1.0,8.0
tt1603625,tt1489428,1.0,9.0
tt1594360,tt1489428,1.0,10.0
tt1599645,tt1489428,1.0,11.0
tt1582924,tt1489428,1.0,12.0
tt1644780,tt1489428,1.0,13.0
tt1649567,tt1489428,2.0,1.0
tt1649572,tt1489428,2.0,2.0
tt1649573,tt1489428,2.0,3.0
tt1649574,tt1489428,2.0,4.0
tt1649575,tt1489428,2.0,5.0
tt1649576,tt1489428,2.0,6.0
tt1649577,tt1489428,2.0,7.0
tt1649578,tt1489428,2.0,8.0
tt1649579,tt1489428,2.0,9.0
tt1649568,tt1489428,2.0,10.0
tt1649569,tt1489428,2.0,11.0
tt1649570,tt1489428,2.0,12.0
tt1649571,tt1489428,2.0,13.0
tt2101875,tt1489428,3.0,1.0
tt2098233,tt1489428,3.0,2.0
tt2101003,tt1489428,3.0,3.0
tt2138455,tt1489428,3.0,4.0
tt2135436,tt1489428,3.0,5.0
tt2189413,tt1489428,3.0,6.0
tt2189415,tt1489428,3.0,7.0
tt2189417,tt1489428,3.0,8.0
tt2189419,tt1489428,3.0,9.0
tt2189405,tt1489428,3.0,10.0
tt2189407,tt1489428,3.0,11.0
tt2189409,tt1489428,3.0,12.0
tt2189411,tt1489428,3.0,13.0
tt2329771,tt1489428,4.0,1.0
tt2438010,tt1489428,4.0,2.0
tt1902752,tt1489428,4.0,3.0
tt2544102,tt1489428,4.0,4.0
tt2518872,tt1489428,4.0,5.0
tt2553904,tt1489428,4.0,6.0
tt2547398,tt1489428,4.0,7.0
tt2539204,tt1489428,4.0,8.0
tt2539210,tt1489428,4.0,9.0
tt2626368,tt1489428,4.0,10.0
tt2639552,tt1489428,4.0,11.0
tt2639562,tt1489428,4.0,12.0
tt2639568,tt1489428,4.0,13.0
tt2805108,tt1489428,5.0,1.0
tt3256702,tt1489428,5.0,2.0
tt3295904,tt1489428,5.0,3.0
tt3295906,tt1489428,5.0,4.0
tt3344892,tt1489428,5.0,5.0
tt3345508,tt1489428,5.0,6.0
tt3391708,tt1489428,5.0,7.0
tt3463962,tt1489428,5.0,8.0
tt3452770,tt1489428,5.0,9.0
tt3521128,tt1489428,5.0,10.0
tt3578400,tt1489428,5.0,11.0
tt3528744,tt1489428,5.0,12.0
tt3563852,tt1489428,5.0,13.0
tt3672562,tt1489428,6.0,1.0
tt4155322,tt1489428,6.0,2.0
tt4155332,tt1489428,6.0,3.0
tt4161952,tt1489428,6.0,4.0
tt4155334,tt1489428,6.0,5.0
tt4218350,tt1489428,6.0,6.0
tt4235538,tt1489428,6.0,7.0
tt4235544,tt1489428,6.0,8.0
tt4235540,tt1489428,6.0,9.0
tt4235548,tt1489428,6.0,10.0
tt4235552,tt1489428,6.0,11.0
tt4235558,tt1489428,6.0,12.0
tt4217814,tt1489428,6.0,13.0
tt0636289,tt0411008,1.0,1.0
tt0636290,tt0411008,1.0,2.0
tt0636294,tt0411008,1.0,3.0
tt0636300,tt0411008,1.0,4.0
tt0636303,tt0411008,1.0,5.0
tt0636284,tt0411008,1.0,6.0
tt0636298,tt0411008,1.0,7.0
tt0636275,tt0411008,1.0,8.0
tt0636292,tt0411008,1.0,9.0
tt0636291,tt0411008,1.0,10.0
tt0636272,tt0411008,1.0,11.0
tt0636302,tt0411008,1.0,12.0
tt0636282,tt0411008,1.0,13.0
tt0636293,tt0411008,1.0,14.0
tt0636283,tt0411008,1.0,15.0
tt0636288,tt0411008,1.0,16.0
tt0636268,tt0411008,1.0,17.0
tt0636286,tt0411008,1.0,18.0
tt0636277,tt0411008,1.0,20.0
tt0636276,tt0411008,1.0,19.0
tt0636296,tt0411008,1.0,21.0
tt0636273,tt0411008,1.0,22.0
tt0636279,tt0411008,1.0,23.0
tt0636280,tt0411008,1.0,24.0
tt6222548,tt0411008,1.0,25.0
tt0636285,tt0411008,2.0,1.0
tt0636271,tt0411008,2.0,2.0
tt0636287,tt0411008,2.0,3.0
tt0636278,tt0411008,2.0,4.0
tt0636269,tt0411008,2.0,5.0
tt0636270,tt0411008,2.0,6.0
tt0636299,tt0411008,2.0,7.0
tt0636274,tt0411008,2.0,8.0
tt0636301,tt0411008,2.0,9.0
tt0636295,tt0411008,2.0,10.0
tt0636297,tt0411008,2.0,11.0
tt0636281,tt0411008,2.0,12.0
tt0756934,tt0411008,2.0,13.0
tt0758090,tt0411008,2.0,14.0
tt0764076,tt0411008,2.0,15.0
tt0769314,tt0411008,2.0,16.0
tt0771860,tt0411008,2.0,17.0
tt0784695,tt0411008,2.0,18.0
tt0771861,tt0411008,2.0,19.0
tt0782394,tt0411008,2.0,20.0
tt0786169,tt0411008,2.0,21.0
tt0799198,tt0411008,2.0,22.0
tt0793130,tt0411008,2.0,23.0
tt0836956,tt0411008,3.0,1.0
tt0847791,tt0411008,3.0,2.0
tt0840616,tt0411008,3.0,3.0
tt0850964,tt0411008,3.0,4.0
tt0863695,tt0411008,3.0,5.0
tt0883770,tt0411008,3.0,6.0
tt0891077,tt0411008,3.0,7.0
tt0928284,tt0411008,3.0,8.0
tt0954439,tt0411008,3.0,9.0
tt0913743,tt0411008,3.0,10.0
tt0936198,tt0411008,3.0,11.0
tt0959403,tt0411008,3.0,12.0
tt0968992,tt0411008,3.0,13.0
tt0988050,tt0411008,3.0,14.0
tt0979596,tt0411008,3.0,15.0
tt0979595,tt0411008,3.0,18.0
tt0992243,tt0411008,3.0,19.0
tt0992244,tt0411008,3.0,20.0
tt0998660,tt0411008,3.0,21.0
tt1004798,tt0411008,3.0,22.0
tt0994348,tt0411008,4.0,1.0
tt0994359,tt0411008,4.0,2.0
tt0994363,tt0411008,4.0,3.0
tt0994364,tt0411008,4.0,4.0
tt0994365,tt0411008,4.0,5.0
tt0994366,tt0411008,4.0,6.0
tt0994367,tt0411008,4.0,7.0
tt0994368,tt0411008,4.0,8.0
tt0994369,tt0411008,4.0,9.0
tt0994349,tt0411008,4.0,10.0
tt0994350,tt0411008,4.0,11.0
tt0994351,tt0411008,4.0,12.0
tt0994352,tt0411008,4.0,13.0
tt1952703,tt0411008,4.0,14.0
tt1280267,tt0411008,5.0,1.0
tt1313407,tt0411008,5.0,2.0
tt1319361,tt0411008,5.0,3.0
tt1321693,tt0411008,5.0,4.0
tt1322105,tt0411008,5.0,5.0
tt1340502,tt0411008,5.0,6.0
tt1321692,tt0411008,5.0,7.0
tt1341555,tt0411008,5.0,8.0
tt1353861,tt0411008,5.0,9.0
tt1358333,tt0411008,5.0,10.0
tt1363399,tt0411008,5.0,11.0
tt1368702,tt0411008,5.0,12.0
tt1378943,tt0411008,5.0,13.0
tt1378944,tt0411008,5.0,14.0
tt1400160,tt0411008,5.0,15.0
tt1399779,tt0411008,5.0,16.0
tt2197294,tt0411008,5.0,17.0
tt1453335,tt0411008,6.0,1.0
tt2524344,tt0411008,6.0,2.0
tt1560343,tt0411008,6.0,3.0
tt1533421,tt0411008,6.0,4.0
tt1467640,tt0411008,6.0,5.0
tt1467641,tt0411008,6.0,6.0
tt1467642,tt0411008,6.0,7.0
tt1467643,tt0411008,6.0,8.0
tt1467644,tt0411008,6.0,9.0
tt1467629,tt0411008,6.0,10.0
tt1467630,tt0411008,6.0,11.0
tt1467631,tt0411008,6.0,12.0
tt1467632,tt0411008,6.0,14.0
tt1467633,tt0411008,6.0,15.0
tt1467634,tt0411008,6.0,16.0
tt1603637,tt0411008,6.0,13.0
tt1467635,tt0411008,6.0,17.0
tt15049668,tt0411008,6.0,18.0
tt4428472,tt2149175,3.0,12.0
tt4419730,tt2149175,3.0,13.0
tt4573270,tt2149175,4.0,1.0
tt4288962,tt4061080,1.0,1.0
tt4642824,tt4061080,1.0,2.0
tt4716766,tt4061080,1.0,3.0
tt4716772,tt4061080,1.0,4.0
tt4716776,tt4061080,1.0,5.0
tt4742280,tt4061080,1.0,6.0
tt4742284,tt4061080,1.0,7.0
tt4742294,tt4061080,1.0,8.0
tt4742296,tt4061080,1.0,9.0
tt4425192,tt4061080,1.0,10.0
tt4425194,tt4061080,2.0,1.0
tt5493206,tt4061080,2.0,2.0
tt5506790,tt4061080,2.0,3.0
tt5513490,tt4061080,2.0,4.0
tt5583058,tt4061080,2.0,5.0
tt5600456,tt4061080,2.0,6.0
tt5600458,tt4061080,2.0,7.0
tt5600460,tt4061080,2.0,8.0
tt5600464,tt4061080,2.0,9.0
tt5600466,tt4061080,2.0,10.0
tt5600468,tt4061080,2.0,11.0
tt4425196,tt4061080,2.0,12.0
tt6551386,tt4061080,3.0,1.0
tt6648654,tt4061080,3.0,2.0
tt6874532,tt4061080,3.0,3.0
tt6928658,tt4061080,3.0,4.0
tt6928662,tt4061080,3.0,5.0
tt6928664,tt4061080,3.0,6.0
tt6928670,tt4061080,3.0,7.0
tt6957454,tt4061080,3.0,8.0
tt6957468,tt4061080,3.0,9.0
tt6957474,tt4061080,3.0,10.0
tt6957476,tt4061080,3.0,11.0
tt6957478,tt4061080,3.0,12.0
tt4652838,tt4158110,1.0,1.0
tt4686038,tt4158110,1.0,2.0
tt4730018,tt4158110,1.0,7.0
tt4730026,tt4158110,1.0,8.0
tt4799588,tt4158110,1.0,9.0
tt4652854,tt4158110,1.0,10.0
tt4730002,tt4158110,1.0,3.0
tt4659980,tt4158110,1.0,4.0
tt4730012,tt4158110,1.0,5.0
tt4730014,tt4158110,1.0,6.0
tt4901088,tt4158110,2.0,1.0
tt5342606,tt4158110,2.0,2.0
tt5344704,tt4158110,2.0,3.0
tt5344766,tt4158110,2.0,4.0
tt5344796,tt4158110,2.0,5.0
tt5345894,tt4158110,2.0,6.0
tt5347278,tt4158110,2.0,7.0
tt5347318,tt4158110,2.0,8.0
tt5347322,tt4158110,2.0,9.0
tt5347330,tt4158110,2.0,10.0
tt5831628,tt4158110,2.0,11.0
tt5831630,tt4158110,2.0,12.0
tt5970530,tt4158110,3.0,1.0
tt6633686,tt4158110,3.0,2.0
tt6633688,tt4158110,3.0,3.0
tt6633692,tt4158110,3.0,4.0
tt6633696,tt4158110,3.0,5.0
tt6635194,tt4158110,3.0,6.0
tt6635200,tt4158110,3.0,7.0
tt6635212,tt4158110,3.0,8.0
tt6635210,tt4158110,3.0,9.0
tt6633682,tt4158110,3.0,10.0
tt7748418,tt4158110,4.0,1.0
tt8084154,tt4158110,4.0,2.0
tt8084160,tt4158110,4.0,3.0
tt8084164,tt4158110,4.0,4.0
tt8084166,tt4158110,4.0,5.0
tt8084172,tt4158110,4.0,6.0
tt8084176,tt4158110,4.0,7.0
tt8084178,tt4158110,4.0,8.0
tt8084180,tt4158110,4.0,9.0
tt8084184,tt4158110,4.0,10.0
tt8919312,tt4158110,4.0,11.0
tt8919318,tt4158110,4.0,12.0
tt10883092,tt4158110,4.0,13.0
tt3080196,tt2950342,1.0,0.0
tt4057144,tt2950342,1.0,1.0
tt4073776,tt2950342,1.0,2.0
tt4086010,tt2950342,1.0,3.0
tt4073796,tt2950342,1.0,4.0
tt4109292,tt2950342,1.0,5.0
tt4109296,tt2950342,1.0,6.0
tt4109302,tt2950342,1.0,7.0
tt4109304,tt2950342,1.0,8.0
tt4205118,tt2950342,1.0,9.0
tt4427974,tt2950342,1.0,10.0
tt5658298,tt2950342,2.0,1.0
tt5662340,tt2950342,2.0,2.0
tt5695410,tt2950342,2.0,3.0
tt5714046,tt2950342,2.0,4.0
tt5737914,tt2950342,2.0,5.0
tt5751826,tt2950342,2.0,6.0
tt5765698,tt2950342,2.0,7.0
tt5784476,tt2950342,2.0,8.0
tt5825060,tt2950342,2.0,9.0
tt5825126,tt2950342,2.0,10.0
tt1363447,tt1266020,1.0,1.0
tt1366779,tt1266020,1.0,2.0
tt1366780,tt1266020,1.0,3.0
tt1366781,tt1266020,1.0,4.0
tt1366782,tt1266020,1.0,5.0
tt1366783,tt1266020,1.0,6.0
tt1467703,tt1266020,2.0,1.0
tt1490874,tt1266020,2.0,2.0
tt1490293,tt1266020,2.0,3.0
tt1504600,tt1266020,2.0,4.0
tt1504148,tt1266020,2.0,5.0
tt1536813,tt1266020,2.0,9.0
tt1509675,tt1266020,2.0,6.0
tt1559848,tt1266020,2.0,13.0
tt1541365,tt1266020,2.0,11.0
tt1545370,tt1266020,2.0,12.0
tt1559854,tt1266020,2.0,19.0
tt1523800,tt1266020,2.0,7.0
tt1531526,tt1266020,2.0,8.0
tt1539432,tt1266020,2.0,10.0
tt1559850,tt1266020,2.0,15.0
tt1559852,tt1266020,2.0,17.0
tt1559849,tt1266020,2.0,14.0
tt1559853,tt1266020,2.0,18.0
tt1559857,tt1266020,2.0,22.0
tt1559851,tt1266020,2.0,16.0
tt1587573,tt1266020,2.0,24.0
tt1559855,tt1266020,2.0,20.0
tt1559856,tt1266020,2.0,21.0
tt1587572,tt1266020,2.0,23.0
tt2471500,tt2442560,1.0,1.0
tt2471502,tt2442560,1.0,2.0
tt2471506,tt2442560,1.0,3.0
tt2461634,tt2442560,1.0,4.0
tt2461632,tt2442560,1.0,5.0
tt2461638,tt2442560,1.0,6.0
tt3655782,tt2442560,2.0,1.0
tt3683570,tt2442560,2.0,2.0
tt3683572,tt2442560,2.0,3.0
tt3683574,tt2442560,2.0,4.0
tt3683578,tt2442560,2.0,5.0
tt3683576,tt2442560,2.0,6.0
tt4277144,tt2442560,3.0,1.0
tt4370544,tt2442560,3.0,2.0
tt4370546,tt2442560,3.0,3.0
tt4370550,tt2442560,3.0,4.0
tt4370554,tt2442560,3.0,5.0
tt4370552,tt2442560,3.0,6.0
tt5755998,tt2442560,4.0,1.0
tt6227888,tt2442560,4.0,2.0
tt6227890,tt2442560,4.0,3.0
tt6227892,tt2442560,4.0,4.0
tt6227900,tt2442560,4.0,5.0
tt6056650,tt2442560,4.0,6.0
tt5756000,tt2442560,5.0,1.0
tt6227902,tt2442560,5.0,2.0
tt6229668,tt2442560,5.0,3.0
tt6229670,tt2442560,5.0,4.0
tt6229672,tt2442560,5.0,5.0
tt6056652,tt2442560,5.0,6.0
tt2991728,tt2628232,1.0,2.0
tt2991746,tt2628232,1.0,4.0
tt2991752,tt2628232,1.0,5.0
tt2991742,tt2628232,1.0,6.0
tt2991764,tt2628232,1.0,7.0
tt2991762,tt2628232,1.0,8.0
tt3780302,tt2628232,2.0,1.0
tt3780304,tt2628232,2.0,2.0
tt3780308,tt2628232,2.0,3.0
tt3780310,tt2628232,2.0,4.0
tt3780314,tt2628232,2.0,5.0
tt3780316,tt2628232,2.0,6.0
tt3780320,tt2628232,2.0,7.0
tt3780322,tt2628232,2.0,8.0
tt3780326,tt2628232,2.0,9.0
tt3781008,tt2628232,2.0,10.0
tt4786300,tt2628232,3.0,1.0
tt4805826,tt2628232,3.0,2.0
tt4833968,tt2628232,3.0,3.0
tt4849368,tt2628232,3.0,4.0
tt4853882,tt2628232,3.0,7.0
tt4853880,tt2628232,3.0,6.0
tt4853884,tt2628232,3.0,8.0
tt4853878,tt2628232,3.0,5.0
tt4786304,tt2628232,3.0,9.0
tt0713618,tt0460681,1.0,1.0
tt0713624,tt0460681,1.0,2.0
tt0713613,tt0460681,1.0,3.0
tt0713617,tt0460681,1.0,4.0
tt0713611,tt0460681,1.0,5.0
tt0713622,tt0460681,1.0,6.0
tt0713615,tt0460681,1.0,7.0
tt0713612,tt0460681,1.0,8.0
tt0713623,tt0460681,1.0,9.0
tt0713610,tt0460681,1.0,10.0
tt0713620,tt0460681,1.0,11.0
tt0713614,tt0460681,1.0,12.0
tt0713619,tt0460681,1.0,13.0
tt0713616,tt0460681,1.0,14.0
tt0757750,tt0460681,1.0,15.0
tt0713621,tt0460681,1.0,16.0
tt0763064,tt0460681,1.0,17.0
tt0763065,tt0460681,1.0,18.0
tt0761316,tt0460681,1.0,19.0
tt0772002,tt0460681,1.0,21.0
tt0775325,tt0460681,1.0,22.0
tt0767486,tt0460681,1.0,20.0
tt0829063,tt0460681,2.0,1.0
tt0829062,tt0460681,2.0,2.0
tt0835248,tt0460681,2.0,3.0
tt0837741,tt0460681,2.0,4.0
tt0851031,tt0460681,2.0,5.0
tt0855641,tt0460681,2.0,6.0
tt0859555,tt0460681,2.0,7.0
tt0868625,tt0460681,2.0,8.0
tt0878590,tt0460681,2.0,9.0
tt0883872,tt0460681,2.0,10.0
tt0890836,tt0460681,2.0,11.0
tt0942145,tt0460681,2.0,12.0
tt0921622,tt0460681,2.0,13.0
tt0940441,tt0460681,2.0,14.0
tt0939444,tt0460681,2.0,15.0
tt0942786,tt0460681,2.0,16.0
tt0959976,tt0460681,2.0,17.0
tt0964436,tt0460681,2.0,18.0
tt1000536,tt0460681,2.0,19.0
tt0987715,tt0460681,2.0,20.0
tt0987713,tt0460681,2.0,21.0
tt0987714,tt0460681,2.0,22.0
tt1032129,tt0460681,3.0,1.0
tt1032134,tt0460681,3.0,2.0
tt1107710,tt0460681,3.0,3.0
tt1032135,tt0460681,3.0,4.0
tt1032137,tt0460681,3.0,5.0
tt1032138,tt0460681,3.0,6.0
tt1032139,tt0460681,3.0,7.0
tt1032140,tt0460681,3.0,8.0
tt1032141,tt0460681,3.0,9.0
tt1032130,tt0460681,3.0,10.0
tt1032132,tt0460681,3.0,11.0
tt1032131,tt0460681,3.0,12.0
tt1032133,tt0460681,3.0,13.0
tt1206073,tt0460681,3.0,14.0
tt1222593,tt0460681,3.0,15.0
tt1222594,tt0460681,3.0,16.0
tt5183578,tt2149175,4.0,2.0
tt1222611,tt0460681,4.0,3.0
tt1222612,tt0460681,4.0,4.0
tt1222610,tt0460681,4.0,5.0
tt1222613,tt0460681,4.0,6.0
tt1222614,tt0460681,4.0,7.0
tt1222615,tt0460681,4.0,8.0
tt1222616,tt0460681,4.0,9.0
tt1222596,tt0460681,4.0,10.0
tt1222597,tt0460681,4.0,11.0
tt1222598,tt0460681,4.0,12.0
tt1222599,tt0460681,4.0,13.0
tt1222600,tt0460681,4.0,14.0
tt1222601,tt0460681,4.0,15.0
tt1222602,tt0460681,4.0,16.0
tt1222603,tt0460681,4.0,17.0
tt1222604,tt0460681,4.0,18.0
tt1222605,tt0460681,4.0,19.0
tt1222607,tt0460681,4.0,20.0
tt1222608,tt0460681,4.0,21.0
tt1222609,tt0460681,4.0,22.0
tt1222595,tt0460681,4.0,1.0
tt1222606,tt0460681,4.0,2.0
tt1461906,tt0460681,5.0,1.0
tt1464088,tt0460681,5.0,2.0
tt1464089,tt0460681,5.0,3.0
tt1488983,tt0460681,5.0,5.0
tt1506849,tt0460681,5.0,6.0
tt1507550,tt0460681,5.0,7.0
tt1511910,tt0460681,5.0,8.0
tt1533530,tt0460681,5.0,9.0
tt1532469,tt0460681,5.0,10.0
tt1543420,tt0460681,5.0,11.0
tt1552579,tt0460681,5.0,12.0
tt1541419,tt0460681,5.0,13.0
tt1588681,tt0460681,5.0,14.0
tt1588682,tt0460681,5.0,15.0
tt1588256,tt0460681,5.0,16.0
tt1588255,tt0460681,5.0,17.0
tt1594854,tt0460681,5.0,18.0
tt1598673,tt0460681,5.0,19.0
tt1599805,tt0460681,5.0,20.0
tt1626754,tt0460681,5.0,21.0
tt1626753,tt0460681,5.0,22.0
tt1627706,tt0460681,6.0,1.0
tt1627717,tt0460681,6.0,2.0
tt1627721,tt0460681,6.0,3.0
tt1627722,tt0460681,6.0,4.0
tt1627724,tt0460681,6.0,5.0
tt1627723,tt0460681,6.0,6.0
tt1627725,tt0460681,6.0,7.0
tt1627726,tt0460681,6.0,8.0
tt1627727,tt0460681,6.0,9.0
tt1627707,tt0460681,6.0,10.0
tt1627708,tt0460681,6.0,11.0
tt1627709,tt0460681,6.0,12.0
tt1627710,tt0460681,6.0,13.0
tt1627711,tt0460681,6.0,14.0
tt1627712,tt0460681,6.0,15.0
tt1627713,tt0460681,6.0,16.0
tt1627715,tt0460681,6.0,17.0
tt1627714,tt0460681,6.0,18.0
tt1627716,tt0460681,6.0,19.0
tt1627718,tt0460681,6.0,20.0
tt1627719,tt0460681,6.0,21.0
tt1864037,tt0460681,6.0,22.0
tt1995102,tt0460681,7.0,1.0
tt1995113,tt0460681,7.0,2.0
tt1995118,tt0460681,7.0,3.0
tt1995119,tt0460681,7.0,4.0
tt1995120,tt0460681,7.0,5.0
tt1995121,tt0460681,7.0,6.0
tt1995122,tt0460681,7.0,7.0
tt1995123,tt0460681,7.0,8.0
tt1995124,tt0460681,7.0,9.0
tt1995103,tt0460681,7.0,10.0
tt1995104,tt0460681,7.0,11.0
tt1995105,tt0460681,7.0,12.0
tt1995106,tt0460681,7.0,13.0
tt1995107,tt0460681,7.0,14.0
tt1995108,tt0460681,7.0,15.0
tt1995109,tt0460681,7.0,16.0
tt1995110,tt0460681,7.0,17.0
tt1995111,tt0460681,7.0,18.0
tt1995112,tt0460681,7.0,19.0
tt1995114,tt0460681,7.0,20.0
tt1995115,tt0460681,7.0,21.0
tt1995116,tt0460681,7.0,22.0
tt1995117,tt0460681,7.0,23.0
tt2373078,tt0460681,8.0,1.0
tt2404088,tt0460681,8.0,2.0
tt2293862,tt0460681,8.0,3.0
tt2323362,tt0460681,8.0,4.0
tt2388382,tt0460681,8.0,5.0
tt2372414,tt0460681,8.0,6.0
tt2425360,tt0460681,8.0,7.0
tt2426140,tt0460681,8.0,8.0
tt2426138,tt0460681,8.0,9.0
tt2425378,tt0460681,8.0,10.0
tt2498912,tt0460681,8.0,11.0
tt5931646,tt5834204,1.0,1.0
tt5931648,tt5834204,1.0,2.0
tt5931652,tt5834204,1.0,3.0
tt5937294,tt5834204,1.0,4.0
tt5941434,tt5834204,1.0,5.0
tt5943926,tt5834204,1.0,6.0
tt5931656,tt5834204,1.0,10.0
tt5943930,tt5834204,1.0,8.0
tt5943932,tt5834204,1.0,9.0
tt5943928,tt5834204,1.0,7.0
tt6849500,tt5834204,2.0,1.0
tt7435238,tt5834204,2.0,2.0
tt7435240,tt5834204,2.0,3.0
tt7435246,tt5834204,2.0,5.0
tt7435248,tt5834204,2.0,6.0
tt7435250,tt5834204,2.0,7.0
tt7435252,tt5834204,2.0,8.0
tt7435254,tt5834204,2.0,9.0
tt7435256,tt5834204,2.0,10.0
tt7435258,tt5834204,2.0,11.0
tt7435260,tt5834204,2.0,12.0
tt7435264,tt5834204,2.0,13.0
tt7435244,tt5834204,2.0,4.0
tt8363118,tt5834204,3.0,1.0
tt9364446,tt5834204,3.0,2.0
tt9364456,tt5834204,3.0,3.0
tt9364002,tt5834204,3.0,4.0
tt9399406,tt5834204,3.0,5.0
tt9471720,tt5834204,3.0,10.0
tt9754688,tt5834204,3.0,12.0
tt9754692,tt5834204,3.0,13.0
tt9399412,tt5834204,3.0,6.0
tt9471724,tt5834204,3.0,7.0
tt9471726,tt5834204,3.0,8.0
tt9471728,tt5834204,3.0,9.0
tt9754680,tt5834204,3.0,11.0
tt5124962,tt2149175,4.0,3.0
tt5255258,tt2149175,4.0,4.0
tt0515236,tt0367279,1.0,1.0
tt0515256,tt0367279,1.0,2.0
tt0515212,tt0367279,1.0,3.0
tt0515223,tt0367279,1.0,4.0
tt0515214,tt0367279,1.0,5.0
tt0515257,tt0367279,1.0,6.0
tt0515221,tt0367279,1.0,7.0
tt0515231,tt0367279,1.0,8.0
tt0515247,tt0367279,1.0,9.0
tt0515235,tt0367279,1.0,10.0
tt0515210,tt0367279,1.0,13.0
tt0515244,tt0367279,1.0,14.0
tt0515246,tt0367279,1.0,15.0
tt0515208,tt0367279,1.0,16.0
tt0515222,tt0367279,1.0,17.0
tt0515228,tt0367279,1.0,18.0
tt0515211,tt0367279,1.0,19.0
tt0515224,tt0367279,1.0,22.0
tt0515226,tt0367279,1.0,12.0
tt0515258,tt0367279,1.0,20.0
tt0515232,tt0367279,1.0,21.0
tt0515238,tt0367279,1.0,11.0
tt0515253,tt0367279,2.0,1.0
tt0515254,tt0367279,2.0,2.0
tt0515209,tt0367279,2.0,3.0
tt0515219,tt0367279,2.0,4.0
tt0515243,tt0367279,2.0,5.0
tt0515207,tt0367279,2.0,6.0
tt0515248,tt0367279,2.0,7.0
tt0515239,tt0367279,2.0,8.0
tt0515213,tt0367279,2.0,9.0
tt0515240,tt0367279,2.0,10.0
tt0515234,tt0367279,2.0,11.0
tt0515220,tt0367279,2.0,12.0
tt0515229,tt0367279,2.0,13.0
tt0515251,tt0367279,2.0,14.0
tt0515255,tt0367279,2.0,15.0
tt0515227,tt0367279,2.0,16.0
tt0515245,tt0367279,2.0,17.0
tt0515241,tt0367279,2.0,18.0
tt0515250,tt0367279,3.0,1.0
tt0515249,tt0367279,3.0,2.0
tt0515218,tt0367279,3.0,3.0
tt0515233,tt0367279,3.0,4.0
tt0515230,tt0367279,3.0,5.0
tt0515252,tt0367279,3.0,6.0
tt0515237,tt0367279,3.0,7.0
tt0515225,tt0367279,3.0,8.0
tt0515242,tt0367279,3.0,9.0
tt0515216,tt0367279,3.0,10.0
tt0515217,tt0367279,3.0,11.0
tt0515215,tt0367279,3.0,12.0
tt0757386,tt0367279,3.0,13.0
tt2128813,tt0367279,4.0,1.0
tt2128815,tt0367279,4.0,2.0
tt2128816,tt0367279,4.0,3.0
tt2128817,tt0367279,4.0,4.0
tt2128818,tt0367279,4.0,5.0
tt2128819,tt0367279,4.0,6.0
tt2128820,tt0367279,4.0,7.0
tt2128821,tt0367279,4.0,8.0
tt2128822,tt0367279,4.0,9.0
tt2128814,tt0367279,4.0,10.0
tt2495824,tt0367279,4.0,11.0
tt2604336,tt0367279,4.0,12.0
tt2604334,tt0367279,4.0,13.0
tt2604338,tt0367279,4.0,14.0
tt2826310,tt0367279,4.0,15.0
tt4589902,tt0367279,5.0,1.0
tt4861452,tt0367279,5.0,2.0
tt4861456,tt0367279,5.0,3.0
tt4861458,tt0367279,5.0,4.0
tt4861460,tt0367279,5.0,5.0
tt4861462,tt0367279,5.0,6.0
tt4861466,tt0367279,5.0,7.0
tt4861470,tt0367279,5.0,8.0
tt4861472,tt0367279,5.0,9.0
tt4861478,tt0367279,5.0,10.0
tt4861482,tt0367279,5.0,11.0
tt4861486,tt0367279,5.0,12.0
tt4861484,tt0367279,5.0,13.0
tt4861490,tt0367279,5.0,14.0
tt4861494,tt0367279,5.0,15.0
tt4589904,tt0367279,5.0,16.0
tt5253620,tt2149175,4.0,5.0
tt5339002,tt2149175,4.0,6.0
tt5374770,tt2149175,4.0,7.0
tt5562344,tt2149175,4.0,8.0
tt5339026,tt2149175,4.0,9.0
tt10698464,tt2442560,6.0,1.0
tt10906292,tt2442560,6.0,2.0
tt10062310,tt10048342,1.0,1.0
tt10062312,tt10048342,1.0,2.0
tt10062314,tt10048342,1.0,3.0
tt10062318,tt10048342,1.0,4.0
tt10062320,tt10048342,1.0,5.0
tt10062322,tt10048342,1.0,6.0
tt10906300,tt2442560,6.0,4.0
tt10906306,tt2442560,6.0,5.0
tt10906296,tt2442560,6.0,3.0
tt10906308,tt2442560,6.0,6.0
tt1284388,tt1124373,1.0,1.0
tt1259489,tt1124373,1.0,2.0
tt1261700,tt1124373,1.0,3.0
tt1261701,tt1124373,1.0,4.0
tt1261702,tt1124373,1.0,5.0
tt1261703,tt1124373,1.0,6.0
tt1261704,tt1124373,1.0,7.0
tt1261705,tt1124373,1.0,8.0
tt1261706,tt1124373,1.0,9.0
tt1261707,tt1124373,1.0,10.0
tt1261696,tt1124373,1.0,11.0
tt1261697,tt1124373,1.0,12.0
tt1261698,tt1124373,1.0,13.0
tt1303554,tt1124373,2.0,1.0
tt1303559,tt1124373,2.0,2.0
tt1303560,tt1124373,2.0,3.0
tt1303561,tt1124373,2.0,4.0
tt1303562,tt1124373,2.0,5.0
tt1303563,tt1124373,2.0,6.0
tt1303564,tt1124373,2.0,7.0
tt1303565,tt1124373,2.0,8.0
tt1303566,tt1124373,2.0,9.0
tt1303555,tt1124373,2.0,10.0
tt1303556,tt1124373,2.0,11.0
tt1303557,tt1124373,2.0,12.0
tt1303558,tt1124373,2.0,13.0
tt1559905,tt1124373,3.0,1.0
tt1559910,tt1124373,3.0,2.0
tt1559911,tt1124373,3.0,3.0
tt1559912,tt1124373,3.0,4.0
tt1559913,tt1124373,3.0,5.0
tt1559914,tt1124373,3.0,6.0
tt1559915,tt1124373,3.0,7.0
tt1559916,tt1124373,3.0,8.0
tt1559917,tt1124373,3.0,9.0
tt1559906,tt1124373,3.0,10.0
tt1559907,tt1124373,3.0,11.0
tt1559908,tt1124373,3.0,12.0
tt1559909,tt1124373,3.0,13.0
tt1989270,tt1124373,4.0,1.0
tt1974884,tt1124373,4.0,2.0
tt1989269,tt1124373,4.0,3.0
tt1977537,tt1124373,4.0,4.0
tt1989268,tt1124373,4.0,5.0
tt2016680,tt1124373,4.0,6.0
tt2010656,tt1124373,4.0,7.0
tt2021956,tt1124373,4.0,8.0
tt2050258,tt1124373,4.0,9.0
tt2049291,tt1124373,4.0,10.0
tt2085522,tt1124373,4.0,11.0
tt2083709,tt1124373,4.0,12.0
tt2105914,tt1124373,4.0,13.0
tt2105915,tt1124373,4.0,14.0
tt2175526,tt1124373,5.0,1.0
tt2254710,tt1124373,5.0,2.0
tt2222136,tt1124373,5.0,3.0
tt2254722,tt1124373,5.0,4.0
tt2254728,tt1124373,5.0,5.0
tt2315090,tt1124373,5.0,6.0
tt2315092,tt1124373,5.0,7.0
tt2315094,tt1124373,5.0,8.0
tt2315100,tt1124373,5.0,9.0
tt2315096,tt1124373,5.0,10.0
tt2315098,tt1124373,5.0,11.0
tt2315102,tt1124373,5.0,12.0
tt2315104,tt1124373,5.0,13.0
tt2966864,tt1124373,6.0,2.0
tt2524432,tt1124373,6.0,1.0
tt2980966,tt1124373,6.0,3.0
tt3155914,tt1124373,6.0,4.0
tt3180174,tt1124373,6.0,5.0
tt3198434,tt1124373,6.0,6.0
tt3212886,tt1124373,6.0,7.0
tt3147428,tt1124373,6.0,8.0
tt3175848,tt1124373,6.0,9.0
tt3188850,tt1124373,6.0,10.0
tt3240506,tt1124373,6.0,11.0
tt3240508,tt1124373,6.0,12.0
tt3240510,tt1124373,6.0,13.0
tt3383464,tt1124373,7.0,1.0
tt3894464,tt1124373,7.0,2.0
tt3838552,tt1124373,7.0,3.0
tt3898634,tt1124373,7.0,4.0
tt3901218,tt1124373,7.0,5.0
tt3902190,tt1124373,7.0,7.0
tt3901214,tt1124373,7.0,6.0
tt3902192,tt1124373,7.0,8.0
tt3908440,tt1124373,7.0,9.0
tt3903590,tt1124373,7.0,10.0
tt3908442,tt1124373,7.0,11.0
tt3903588,tt1124373,7.0,12.0
tt3885886,tt1124373,7.0,13.0
tt1973786,tt1632701,1.0,1.0
tt1973785,tt1632701,1.0,2.0
tt1976882,tt1632701,1.0,3.0
tt1977541,tt1632701,1.0,4.0
tt2003931,tt1632701,1.0,5.0
tt1973787,tt1632701,1.0,6.0
tt1987364,tt1632701,1.0,7.0
tt1987365,tt1632701,1.0,8.0
tt1985804,tt1632701,1.0,9.0
tt1986650,tt1632701,1.0,10.0
tt1995990,tt1632701,1.0,11.0
tt2014019,tt1632701,1.0,12.0
tt2185442,tt1632701,2.0,1.0
tt2397283,tt1632701,2.0,2.0
tt2199752,tt1632701,2.0,3.0
tt2199756,tt1632701,2.0,4.0
tt2253942,tt1632701,2.0,5.0
tt2199758,tt1632701,2.0,6.0
tt2268628,tt1632701,2.0,7.0
tt2305044,tt1632701,2.0,8.0
tt2310538,tt1632701,2.0,9.0
tt2310526,tt1632701,2.0,10.0
tt2583678,tt1632701,2.0,11.0
tt2583680,tt1632701,2.0,12.0
tt2583682,tt1632701,2.0,13.0
tt2660120,tt1632701,2.0,14.0
tt2671864,tt1632701,2.0,15.0
tt2560618,tt1632701,2.0,16.0
tt2529130,tt1632701,3.0,1.0
tt2850832,tt1632701,3.0,2.0
tt2983982,tt1632701,3.0,3.0
tt2983986,tt1632701,3.0,4.0
tt2983988,tt1632701,3.0,5.0
tt2983994,tt1632701,3.0,6.0
tt2983996,tt1632701,3.0,7.0
tt3053154,tt1632701,3.0,8.0
tt3132574,tt1632701,3.0,9.0
tt3132584,tt1632701,3.0,10.0
tt3563802,tt1632701,3.0,11.0
tt3570124,tt1632701,3.0,12.0
tt3591456,tt1632701,3.0,13.0
tt3599424,tt1632701,3.0,14.0
tt3607734,tt1632701,3.0,15.0
tt3639420,tt1632701,3.0,16.0
tt3285896,tt1632701,4.0,1.0
tt3783016,tt1632701,4.0,2.0
tt3800126,tt1632701,4.0,3.0
tt3832646,tt1632701,4.0,4.0
tt3839596,tt1632701,4.0,5.0
tt3839598,tt1632701,4.0,6.0
tt3881112,tt1632701,4.0,7.0
tt3895112,tt1632701,4.0,8.0
tt3953700,tt1632701,4.0,9.0
tt3923868,tt1632701,4.0,10.0
tt4231052,tt1632701,4.0,11.0
tt4383488,tt1632701,4.0,12.0
tt4410566,tt1632701,4.0,13.0
tt3951374,tt1632701,4.0,14.0
tt4434386,tt1632701,4.0,15.0
tt4454772,tt1632701,4.0,16.0
tt4503862,tt1632701,5.0,1.0
tt4649068,tt1632701,5.0,2.0
tt4649074,tt1632701,5.0,3.0
tt4800888,tt1632701,5.0,4.0
tt4845228,tt1632701,5.0,5.0
tt4779252,tt1632701,5.0,6.0
tt4815634,tt1632701,5.0,7.0
tt4905626,tt1632701,5.0,8.0
tt4923722,tt1632701,5.0,9.0
tt4938410,tt1632701,5.0,10.0
tt5176286,tt1632701,5.0,11.0
tt5181364,tt1632701,5.0,12.0
tt5181368,tt1632701,5.0,13.0
tt5181370,tt1632701,5.0,14.0
tt5181372,tt1632701,5.0,15.0
tt5181374,tt1632701,5.0,16.0
tt5498940,tt1632701,6.0,1.0
tt5513372,tt1632701,6.0,2.0
tt5895102,tt1632701,6.0,3.0
tt5895096,tt1632701,6.0,4.0
tt5895106,tt1632701,6.0,5.0
tt5895108,tt1632701,6.0,6.0
tt5895110,tt1632701,6.0,7.0
tt5895112,tt1632701,6.0,8.0
tt5880940,tt1632701,6.0,9.0
tt5880946,tt1632701,6.0,10.0
tt5880950,tt1632701,6.0,11.0
tt5880956,tt1632701,6.0,12.0
tt5880960,tt1632701,6.0,13.0
tt5895116,tt1632701,6.0,14.0
tt5937920,tt1632701,6.0,15.0
tt5937924,tt1632701,6.0,16.0
tt5934988,tt1632701,7.0,1.0
tt5937932,tt1632701,7.0,2.0
tt7006210,tt1632701,7.0,3.0
tt6896678,tt1632701,7.0,4.0
tt6949856,tt1632701,7.0,5.0
tt7022000,tt1632701,7.0,6.0
tt7016302,tt1632701,7.0,7.0
tt7027760,tt1632701,7.0,8.0
tt7222256,tt1632701,7.0,9.0
tt7222258,tt1632701,7.0,10.0
tt7222260,tt1632701,7.0,11.0
tt7222262,tt1632701,7.0,12.0
tt7222264,tt1632701,7.0,13.0
tt7222270,tt1632701,7.0,15.0
tt7222272,tt1632701,7.0,16.0
tt7222268,tt1632701,7.0,14.0
tt4578466,tt2741602,3.0,1.0
tt4941520,tt2741602,3.0,2.0
tt5068464,tt2741602,3.0,3.0
tt5015108,tt2741602,3.0,4.0
tt5019538,tt2741602,3.0,5.0
tt5030014,tt2741602,3.0,6.0
tt5060376,tt2741602,3.0,7.0
tt5158338,tt2741602,3.0,8.0
tt5135540,tt2741602,3.0,9.0
tt5182064,tt2741602,3.0,11.0
tt5182070,tt2741602,3.0,12.0
tt5182072,tt2741602,3.0,13.0
tt5182074,tt2741602,3.0,14.0
tt5182076,tt2741602,3.0,15.0
tt5155304,tt2741602,3.0,10.0
tt5182078,tt2741602,3.0,16.0
tt5182084,tt2741602,3.0,17.0
tt5182088,tt2741602,3.0,18.0
tt5182086,tt2741602,3.0,19.0
tt5182092,tt2741602,3.0,20.0
tt5182096,tt2741602,3.0,21.0
tt5182098,tt2741602,3.0,22.0
tt5640786,tt2741602,3.0,23.0
tt3381714,tt2741602,2.0,1.0
tt4045862,tt2741602,2.0,2.0
tt3977666,tt2741602,2.0,3.0
tt4061178,tt2741602,2.0,4.0
tt4054174,tt2741602,2.0,5.0
tt4109836,tt2741602,2.0,6.0
tt4094332,tt2741602,2.0,7.0
tt4156774,tt2741602,2.0,8.0
tt4210902,tt2741602,2.0,9.0
tt4283600,tt2741602,2.0,10.0
tt4287704,tt2741602,2.0,11.0
tt4355076,tt2741602,2.0,12.0
tt4378652,tt2741602,2.0,13.0
tt4454532,tt2741602,2.0,14.0
tt4472210,tt2741602,2.0,15.0
tt4491502,tt2741602,2.0,16.0
tt4509728,tt2741602,2.0,17.0
tt4527132,tt2741602,2.0,18.0
tt4578464,tt2741602,2.0,19.0
tt4558970,tt2741602,2.0,20.0
tt4578448,tt2741602,2.0,21.0
tt4578450,tt2741602,2.0,22.0
tt2920128,tt2741602,1.0,1.0
tt3173404,tt2741602,1.0,2.0
tt3173406,tt2741602,1.0,3.0
tt3173408,tt2741602,1.0,4.0
tt3173410,tt2741602,1.0,5.0
tt3265304,tt2741602,1.0,6.0
tt3277226,tt2741602,1.0,7.0
tt3276448,tt2741602,1.0,8.0
tt3276450,tt2741602,1.0,9.0
tt3276452,tt2741602,1.0,10.0
tt3276454,tt2741602,1.0,11.0
tt3276456,tt2741602,1.0,12.0
tt3276458,tt2741602,1.0,13.0
tt3276460,tt2741602,1.0,14.0
tt3276462,tt2741602,1.0,15.0
tt3276464,tt2741602,1.0,16.0
tt3276466,tt2741602,1.0,17.0
tt3276468,tt2741602,1.0,18.0
tt3276470,tt2741602,1.0,19.0
tt3276472,tt2741602,1.0,20.0
tt3276474,tt2741602,1.0,21.0
tt3276476,tt2741602,1.0,22.0
tt5257552,tt2741602,4.0,1.0
tt6047394,tt2741602,4.0,2.0
tt6047396,tt2741602,4.0,3.0
tt5992968,tt2741602,4.0,4.0
tt4227538,tt0475784,1.0,1.0
tt4562758,tt0475784,1.0,2.0
tt4625856,tt0475784,1.0,3.0
tt4625862,tt0475784,1.0,4.0
tt4625866,tt0475784,1.0,5.0
tt4630544,tt0475784,1.0,6.0
tt4630546,tt0475784,1.0,7.0
tt4458814,tt0475784,1.0,8.0
tt5220026,tt0475784,1.0,9.0
tt5229638,tt0475784,1.0,10.0
tt6243294,tt0475784,2.0,1.0
tt6243296,tt0475784,2.0,2.0
tt6243298,tt0475784,2.0,3.0
tt6243300,tt0475784,2.0,4.0
tt6243302,tt0475784,2.0,5.0
tt6243304,tt0475784,2.0,6.0
tt6243306,tt0475784,2.0,7.0
tt6243308,tt0475784,2.0,8.0
tt6243310,tt0475784,2.0,9.0
tt6243312,tt0475784,2.0,10.0
tt10011160,tt0475784,3.0,8.0
tt10011158,tt0475784,3.0,7.0
tt10011156,tt0475784,3.0,6.0
tt10011154,tt0475784,3.0,5.0
tt10011152,tt0475784,3.0,4.0
tt10011150,tt0475784,3.0,3.0
tt9899922,tt0475784,3.0,2.0
tt8358332,tt0475784,3.0,1.0
tt10573616,tt1751634,1.0,1.0
tt10573618,tt1751634,1.0,2.0
tt10573620,tt1751634,1.0,3.0
tt10573622,tt1751634,1.0,4.0
tt10573624,tt1751634,1.0,5.0
tt10573626,tt1751634,1.0,6.0
tt10573628,tt1751634,1.0,7.0
tt10573630,tt1751634,1.0,8.0
tt10573632,tt1751634,1.0,9.0
tt10573634,tt1751634,1.0,10.0
tt12191076,tt0475784,4.0,1.0
tt15068862,tt0475784,4.0,2.0
tt15134338,tt0475784,4.0,3.0
tt15176904,tt0475784,4.0,4.0
tt15452848,tt0475784,4.0,5.0
tt15541082,tt0475784,4.0,6.0
tt15541086,tt0475784,4.0,7.0
tt15723862,tt0475784,4.0,8.0
tt9788618,tt7631058,1.0,1.0
tt10582302,tt7631058,1.0,2.0
tt10693728,tt5574490,5.0,1.0
tt11908150,tt5574490,5.0,2.0
tt12724658,tt5574490,5.0,3.0
tt12064154,tt5574490,5.0,4.0
tt11997184,tt5574490,5.0,5.0
tt13278800,tt5574490,5.0,6.0
tt13432982,tt5574490,5.0,7.0
tt11609034,tt7631058,1.0,3.0
tt13432984,tt5574490,5.0,8.0
tt11198338,tt11198330,1.0,3.0
tt11198340,tt11198330,1.0,4.0
tt13432986,tt5574490,5.0,9.0
tt13438092,tt5574490,5.0,10.0
tt13450684,tt5574490,5.0,11.0
tt14482482,tt5574490,5.0,12.0
tt14482484,tt5574490,5.0,13.0
tt11609038,tt7631058,1.0,4.0
tt11609040,tt7631058,1.0,5.0
tt11198346,tt11198330,1.0,6.0
tt11198348,tt11198330,1.0,7.0
tt11609042,tt7631058,1.0,6.0
tt11609046,tt7631058,1.0,7.0
tt2169102,tt2071645,1.0,1.0
tt2333756,tt2071645,1.0,2.0
tt2386714,tt2071645,1.0,3.0
tt2386716,tt2071645,1.0,4.0
tt2457176,tt2071645,1.0,5.0
tt2161128,tt2071645,1.0,6.0
tt2481792,tt2071645,1.0,7.0
tt2522196,tt2071645,1.0,8.0
tt2479358,tt2071645,1.0,9.0
tt2579104,tt2071645,1.0,10.0
tt2649034,tt2071645,1.0,11.0
tt2649068,tt2071645,1.0,12.0
tt2675842,tt2071645,1.0,13.0
tt2675850,tt2071645,1.0,14.0
tt2675848,tt2071645,1.0,15.0
tt2751234,tt2071645,2.0,1.0
tt3196602,tt2071645,2.0,2.0
tt3241172,tt2071645,2.0,3.0
tt3241174,tt2071645,2.0,4.0
tt3253608,tt2071645,2.0,5.0
tt3464706,tt2071645,2.0,6.0
tt3325864,tt2071645,2.0,7.0
tt3401836,tt2071645,2.0,8.0
tt3520038,tt2071645,2.0,9.0
tt3551746,tt2071645,2.0,10.0
tt3501804,tt2071645,2.0,11.0
tt3554012,tt2071645,2.0,12.0
tt3531520,tt2071645,2.0,13.0
tt3588286,tt2071645,2.0,14.0
tt3588288,tt2071645,2.0,15.0
tt3587392,tt2071645,3.0,1.0
tt4173488,tt2071645,3.0,2.0
tt4139568,tt2071645,3.0,3.0
tt4166390,tt2071645,3.0,4.0
tt4244852,tt2071645,3.0,5.0
tt4220150,tt2071645,3.0,6.0
tt4227738,tt2071645,3.0,7.0
tt4294382,tt2071645,3.0,8.0
tt4345124,tt2071645,3.0,9.0
tt4346402,tt2071645,3.0,10.0
tt4483502,tt2071645,3.0,11.0
tt4501568,tt2071645,3.0,12.0
tt4507248,tt2071645,3.0,13.0
tt4630394,tt2071645,3.0,14.0
tt4630396,tt2071645,3.0,15.0
tt0678483,tt0455275,1.0,1.0
tt0678475,tt0455275,1.0,2.0
tt0678477,tt0455275,1.0,3.0
tt0678478,tt0455275,1.0,4.0
tt0678480,tt0455275,1.0,5.0
tt0678484,tt0455275,1.0,6.0
tt0678482,tt0455275,1.0,7.0
tt0678486,tt0455275,1.0,8.0
tt0678487,tt0455275,1.0,9.0
tt0678485,tt0455275,1.0,10.0
tt0678476,tt0455275,1.0,11.0
tt0678481,tt0455275,1.0,12.0
tt0678479,tt0455275,1.0,13.0
tt0761211,tt0455275,1.0,14.0
tt0761209,tt0455275,1.0,15.0
tt0761208,tt0455275,1.0,16.0
tt0782518,tt0455275,1.0,17.0
tt0789620,tt0455275,1.0,18.0
tt0761210,tt0455275,1.0,19.0
tt0761212,tt0455275,1.0,20.0
tt0769383,tt0455275,1.0,21.0
tt0799332,tt0455275,1.0,22.0
tt5705890,tt5687612,1.0,1.0
tt5908776,tt5687612,1.0,2.0
tt5908778,tt5687612,1.0,3.0
tt5707984,tt5687612,1.0,4.0
tt5908780,tt5687612,1.0,5.0
tt5908782,tt5687612,1.0,6.0
tt6733136,tt5687612,2.0,1.0
tt9679520,tt5687612,2.0,2.0
tt9679522,tt5687612,2.0,3.0
tt9679524,tt5687612,2.0,4.0
tt9679526,tt5687612,2.0,5.0
tt6733140,tt5687612,2.0,6.0
tt6857118,tt6257970,1.0,1.0
tt6916926,tt6257970,1.0,2.0
tt6916932,tt6257970,1.0,3.0
tt6916940,tt6257970,1.0,4.0
tt7054032,tt6257970,1.0,5.0
tt7155598,tt6257970,1.0,6.0
tt7027472,tt6257970,1.0,7.0
tt7155610,tt6257970,1.0,8.0
tt8880862,tt6257970,2.0,1.0
tt9574650,tt6257970,2.0,2.0
tt10540520,tt6257970,2.0,3.0
tt10540524,tt6257970,2.0,4.0
tt10540534,tt6257970,2.0,5.0
tt10540538,tt6257970,2.0,6.0
tt10540540,tt6257970,2.0,7.0
tt10540548,tt6257970,2.0,8.0
tt11609048,tt7631058,1.0,8.0
tt14296084,tt11712058,1.0,1.0
tt15567436,tt11712058,1.0,2.0
tt15567438,tt11712058,1.0,3.0
tt15329968,tt11712058,1.0,4.0
tt15567480,tt11712058,1.0,6.0
tt15315082,tt11712058,1.0,5.0
tt15567440,tt11712058,1.0,7.0
tt15567442,tt11712058,1.0,8.0
tt15567444,tt11712058,1.0,9.0
tt15567450,tt11712058,1.0,10.0
tt5449928,tt2149175,4.0,10.0
tt5478564,tt2149175,4.0,11.0
tt5339034,tt2149175,4.0,12.0
tt4759442,tt2149175,4.0,13.0
tt5774874,tt2149175,5.0,1.0
tt6261578,tt2149175,5.0,2.0
tt6261580,tt2149175,5.0,3.0
tt6261582,tt2149175,5.0,4.0
tt6261584,tt2149175,5.0,5.0
tt6261586,tt2149175,5.0,6.0
tt14077386,tt13443470,1.0,1.0
tt14077394,tt13443470,1.0,2.0
tt14077396,tt13443470,1.0,3.0
tt14077400,tt13443470,1.0,4.0
tt14077402,tt13443470,1.0,5.0
tt14077404,tt13443470,1.0,6.0
tt14077408,tt13443470,1.0,7.0
tt14077406,tt13443470,1.0,8.0
tt6263000,tt2149175,5.0,7.0
tt6263002,tt2149175,5.0,8.0
tt6263006,tt2149175,5.0,9.0
tt6263008,tt2149175,5.0,10.0
tt6263014,tt2149175,5.0,11.0
tt6263012,tt2149175,5.0,12.0
tt5780828,tt2149175,5.0,13.0
