tconst,runtimeMinutes
tt0076759,121
tt0079470,94
tt0111161,142
tt1375666,148
tt0086190,131
tt0080684,124
tt0167260,201
tt0102926,118
tt0105236,99
tt0137523,139
tt0120737,178
tt0110912,154
tt0167261,179
tt0482571,130
tt1504320,118
tt0068646,175
tt0468569,152
tt0050083,96
tt0108052,195
tt0073486,133
tt0099685,145
tt0109830,142
tt0114369,127
tt0064116,165
tt0114814,106
tt0034583,102
tt0047396,112
tt0054215,109
tt0120586,119
tt0027977,87
tt1345836,164
tt1853728,165
tt0169547,122
tt0032553,125
tt0071562,202
tt0407887,151
tt4154756,149
tt7286456,122
tt4154796,181
tt2106476,115
tt0338013,108
tt0093058,116
tt0066921,136
tt0208092,104
tt0059578,132
tt0372784,140
tt0268978,135
tt0117951,93
tt1205489,116
tt2278388,99
tt2119532,139
tt0058461,99
tt0060196,161
tt0082176,138
tt0088847,97
tt0091042,103
tt0094291,126
tt1027718,133
tt0097351,107
tt0102059,84
tt0107144,86
tt0114746,129
tt0112641,178
tt0117665,147
tt0117887,108
tt0147612,134
tt0120735,107
tt0147800,97
tt0139134,97
tt3228774,134
tt0151804,89
tt0144084,102
tt0180093,102
tt0246578,113
tt0212985,131
tt0227984,93
tt0264464,141
tt7131622,161
tt0238380,107
tt0116282,98
tt0121766,140
tt0120915,136
tt0121765,142
tt0947798,108
tt0327056,138
tt0758758,148
tt0302886,88
tt1229340,119
tt0357413,94
tt0361862,101
tt0385002,109
tt0416320,124
tt0848228,143
tt2584384,108
tt0414387,129
tt0401792,124
tt13143964,95
tt0443453,84
tt0460740,102
tt0443543,110
tt3315342,137
tt0765443,100
tt2582496,105
tt1877832,132
tt0477348,122
tt0833960,110
tt1032755,114
tt1022603,95
tt1270798,131
tt1276104,119
tt1152836,140
tt1321509,92
tt1179034,92
tt1403177,106
tt0800369,115
tt1055292,115
tt1800241,138
tt0443272,150
tt5052474,122
tt5463162,119
tt2395427,141
tt0458481,102
tt1409024,106
tt1403865,110
tt1596363,130
tt0985694,105
tt2002718,107
tt1130884,138
tt1440292,97
tt1037705,118
tt0964517,116
tt1637725,106
tt2637276,115
tt0918927,104
tt1458175,133
tt0458339,124
tt1843866,136
tt1219289,105
tt1486185,100
tt1318514,105
tt1212450,116
tt1291584,140
tt0810922,114
tt1645080,83
tt2179136,133
tt1045658,122
tt1951261,100
tt1790886,85
tt1605630,113
tt1645170,83
tt0903624,169
tt1170358,161
tt2310332,144
tt1596365,95
tt1840417,102
tt2229499,90
tt1321870,113
tt2975590,152
tt3063516,92
tt1937390,117
tt2382009,124
tt0770828,143
tt1979320,123
tt2103281,130
tt3765088,100
tt0470752,108
tt2488496,138
tt3397884,121
tt4172430,144
tt3748440,90
tt1431045,108
tt3748528,133
tt2527336,152
tt2763304,117
tt6336270,102
tt2562232,119
tt1306980,100
tt5723272,106
tt4943998,110
tt0556311,53
tt0556305,52
tt0556294,51
tt0556281,51
tt0556282,53
tt0556283,52
tt0556284,50
tt0556285,53
tt0556290,49
tt0828738,48
tt0770857,49
tt0828739,50
tt2349740,64
tt2573020,48
tt2598996,46
tt2637674,43
tt2637678,40
tt2637676,50
tt2637680,41
tt2637682,48
tt2737870,49
tt2737872,46
tt2737876,43
tt2737880,48
tt2726822,47
tt3459856,46
tt3459862,45
tt3459860,46
tt3459858,52
tt3459866,49
tt3459864,42
tt3533366,48
tt3553756,49
tt3594864,49
tt3594870,45
tt3594868,43
tt3599846,48
tt3672866,46
tt0993846,180
tt0361748,153
tt0133093,136
tt1343092,143
tt0840361,125
tt0181689,145
tt3029774,48
tt3669680,45
tt3678086,48
tt3680402,48
tt3709284,47
tt3709286,47
tt3740788,45
tt3239886,48
tt3868862,47
tt3908430,47
tt3908436,47
tt3783560,53
tt3756834,56
tt2470504,48
tt2649564,48
tt2551222,47
tt2560864,48
tt2717848,48
tt2717850,47
tt2663614,48
tt2882250,48
tt2882248,48
tt2939966,48
tt2939964,47
tt2939970,47
tt2939968,48
tt2049166,48
tt2048448,48
tt2049168,47
tt2049169,48
tt2049170,48
tt2049171,48
tt2049172,47
tt2049174,48
tt2049164,48
tt2049165,48
tt2049167,48
tt1615656,48
tt1615661,48
tt1615662,48
tt1615663,48
tt1615664,48
tt1615665,48
tt1615666,48
tt1615667,48
tt1615668,48
tt1615657,48
tt1615658,48
tt1615659,48
tt1615660,48
tt1439792,60
tt1449612,50
tt1484415,50
tt1484416,60
tt1484417,60
tt1484435,60
tt1472778,60
tt1484662,60
tt1484663,60
tt1484249,60
tt1484250,60
tt1484251,60
tt1484414,60
tt1118051,48
tt1118056,48
tt1118057,48
tt1118058,48
tt1118059,48
tt1118060,48
tt1118061,48
tt1118062,48
tt1118063,48
tt1118052,48
tt1118053,60
tt1118054,48
tt1118055,48
tt1059578,49
tt1049715,47
tt1049716,45
tt1040713,46
tt1097127,49
tt1042049,47
tt1050979,46
tt1097128,47
tt1097298,46
tt1094472,46
tt1108366,46
tt1102103,46
tt1105057,52
tt11033898,58
tt11610548,58
tt11610550,60
tt11610552,57
tt11610556,59
tt11610558,59
tt11610562,67
tt10161330,51
tt10161334,53
tt10161336,42
tt10161340,48
tt10161338,48
tt10161342,45
tt0790636,117
tt5516154,452
tt5822200,69
tt5822202,74
tt5822478,68
tt5822482,50
tt5807790,41
tt7664718,80
tt5761072,70
tt0118715,117
tt4183010,46
tt2699128,60
tt7984766,140
tt3203968,69
tt3603056,55
tt3631218,51
tt3594942,51
tt3630790,55
tt3666322,51
tt3725022,57
tt3725024,56
tt3721722,56
tt3721724,53
tt3955000,62
tt4547200,56
tt4550136,56
tt4550146,55
tt4550148,56
tt4550864,57
tt4550868,63
tt4550870,54
tt4510954,73
tt4550866,57
tt5262534,64
tt5337978,59
tt5337984,58
tt5338010,55
tt5338022,55
tt5338034,58
tt5338040,64
tt5338044,72
tt4303066,42
tt5770168,58
tt5974776,56
tt6021898,59
tt6021900,60
tt6021904,56
tt6021906,59
tt6021918,59
tt6021922,52
tt6021926,59
tt6021928,80
tt7258794,61
tt7757530,61
tt8014750,56
tt7831074,62
tt8014756,60
tt7986260,67
tt8014758,60
tt8022752,63
tt8022760,64
tt8022768,65
tt9108660,60
tt9108662,64
tt9108664,59
tt9108666,53
tt9108670,61
tt9108676,58
tt9108674,61
tt9108678,57
tt9108686,62
tt9108684,66
tt2161930,55
tt2250466,47
tt2248444,52
tt2248422,49
tt2294870,52
tt2311910,51
tt2311926,55
tt2312714,48
tt2248426,49
tt2468204,53
tt2440660,55
tt2555986,54
tt2555988,51
tt2811510,50
tt3221190,49
tt2990016,51
tt3001906,48
tt3001926,50
tt3221232,52
tt3147682,48
tt3147690,48
tt1670345,115
tt3186026,49
tt3221270,52
tt3297502,54
tt3326204,48
tt3326208,60
tt0265208,109
tt3513862,59
tt3892086,55
tt3892088,53
tt3892094,47
tt3897442,52
tt3897454,54
tt3918768,53
tt4083028,44
tt4035250,52
tt4128566,57
tt4128572,53
tt4128574,49
tt4221826,58
tt4498368,49
tt4817660,42
tt4817664,54
tt4817670,43
tt4949018,47
tt4949028,47
tt5025272,52
tt5095720,47
tt5083704,46
tt5095730,57
tt5095732,52
tt5095742,46
tt5095748,55
tt0480249,101
tt1119646,100
tt11193428,34
tt11193420,31
tt11193418,30
tt11156378,32
tt11046490,32
tt11044160,31
tt11044158,34
tt10989892,31
tt10989890,30
tt10989880,31
tt1467481,26
tt1503241,22
tt1480354,21
tt1527326,22
tt1515325,21
tt1515324,21
tt1528909,21
tt1531446,21
tt1544667,21
tt1531175,21
tt1550378,21
tt1559103,21
tt1575766,21
tt1584204,20
tt1593849,21
tt1593848,21
tt1594619,21
tt1612641,21
tt1582821,28
tt1619954,20
tt1628912,21
tt1628913,21
tt1595996,20
tt1628195,21
tt1652486,21
tt1640852,22
tt1640868,22
tt1640863,22
tt1640869,30
tt1640874,22
tt1640870,22
tt1640871,22
tt1640872,22
tt1640873,22
tt1640854,21
tt1640855,22
tt1640853,21
tt1640856,21
tt1824317,22
tt1640857,22
tt1640858,22
tt1640860,21
tt1640861,22
tt1640862,21
tt1640864,22
tt1640865,21
tt1640866,20
tt1640867,30
tt1862636,30
tt1986325,21
tt2060962,21
tt2063144,22
tt2060963,22
tt2063145,21
tt2049724,22
tt2083482,22
tt2083483,22
tt2080563,22
tt2105238,22
tt2117096,22
tt2090774,22
tt2128972,22
tt2127579,22
tt2194835,21
tt2194837,22
tt2194839,21
tt2192103,21
tt2196353,22
tt2383315,22
tt2279599,22
tt2383317,22
tt2295962,22
tt2371360,22
tt2672790,22
tt2699318,22
tt2712482,22
tt2717182,21
tt2764048,22
tt2777464,22
tt2791144,20
tt2578322,22
tt2522288,22
tt2560884,22
tt2855096,22
tt2911368,22
tt3176520,21
tt3230996,21
tt3278566,21
tt3278574,20
tt3278580,21
tt3278586,21
tt3278596,21
tt3278600,21
tt3313070,21
tt3313074,21
tt3313076,21
tt3313082,20
tt4242870,25
tt4242872,31
tt4242876,29
tt4242880,28
tt4242884,29
tt4242890,28
tt4242886,29
tt4242896,29
tt4242898,26
tt3898640,27
tt4242868,27
tt4242892,26
tt3840022,28
tt4259458,45
tt4228750,43
tt4259460,47
tt4277628,45
tt0469494,158
tt4257820,46
tt4343722,47
tt4331672,47
tt6412452,133
tt5364812,80
tt5426706,63
tt5429960,63
tt5448634,62
tt5448638,61
tt5448644,60
tt5448646,63
tt5448648,70
tt7399024,64
tt7607990,63
tt7608112,63
tt7806416,63
tt7806424,64
tt0664521,23
tt0664514,23
tt0453451,90
tt0664517,22
tt0330373,157
tt1201607,130
tt0295297,161
tt0926084,146
tt0417741,153
tt0373889,138
tt0090859,87
tt0241527,152
tt0278784,94
tt0734840,46
tt0734843,47
tt0734831,47
tt0734837,47
tt0734818,47
tt0734830,46
tt0734835,46
tt0664523,23
tt0664510,23
tt0664518,23
tt0664525,21
tt0664522,22
tt0664519,22
tt0664527,22
tt0664516,30
tt0664526,22
tt0664524,22
tt0664520,22
tt0664515,23
tt0664513,22
tt0664511,22
tt0664528,22
tt0756967,22
tt0756966,22
tt0664512,22
tt0763221,22
tt0770626,22
tt0779510,21
tt0776249,22
tt0795874,22
tt0796140,22
tt0800604,29
tt0859444,23
tt0859445,22
tt5734500,43
tt5924012,43
tt6099382,43
tt6085956,43
tt6098130,42
tt6072420,43
tt6115024,42
tt6072390,43
tt6034056,43
tt6115034,43
tt6142654,42
tt6142658,45
tt6142662,43
tt6142660,43
tt6142664,43
tt6142668,43
tt6142666,43
tt6142670,42
tt4916994,54
tt5580068,48
tt5580070,50
tt5580074,50
tt5580080,50
tt5580088,47
tt5580090,50
tt5580092,50
tt5580094,50
tt5580096,49
tt0720143,22
tt0757760,22
tt0720167,22
tt0720072,22
tt0720175,22
tt0720075,22
tt0720184,22
tt0776257,22
tt0720170,22
tt0720074,22
tt0720179,22
tt0720161,22
tt0720165,22
tt0720177,22
tt0720087,22
tt0720186,22
tt0720180,22
tt0720145,22
tt0720047,22
tt0720200,22
tt0720146,22
tt0720094,22
tt0720103,22
tt0720183,22
tt0777557,22
tt0720199,22
tt0777560,22
tt0720162,22
tt0720073,22
tt0720152,22
tt0720125,22
tt0720083,22
tt0777559,22
tt0720154,22
tt0720058,22
tt0777555,22
tt0720123,22
tt0720142,22
tt0777562,22
tt0720122,22
tt0720117,22
tt0720099,22
tt0720149,22
tt0777558,22
tt0720134,22
tt0720095,22
tt0720192,22
tt0720153,22
tt0720089,22
tt0720155,22
tt0720150,22
tt0720106,23
tt0720195,23
tt0720157,23
tt0720082,23
tt0777556,23
tt0720116,23
tt0720105,23
tt0720112,23
tt0720205,23
tt0720086,22
tt0720065,22
tt0720147,22
tt0720069,22
tt0720158,22
tt0720124,22
tt0720191,22
tt0720081,22
tt0720100,22
tt0720085,22
tt0720078,22
tt0720061,22
tt0720052,22
tt0720187,22
tt0720077,22
tt0720144,22
tt0720102,22
tt0720059,22
tt0720188,22
tt0720198,22
tt0720070,22
tt0777566,22
tt0720151,22
tt0720190,22
tt0720048,22
tt0720118,22
tt0720080,22
tt0720196,22
tt0720068,22
tt0720121,22
tt0720127,22
tt0720119,22
tt0720064,22
tt0758103,22
tt0720076,22
tt0720104,22
tt0720176,22
tt0720084,22
tt0720130,22
tt0720115,22
tt0720092,22
tt0720109,22
tt0777567,22
tt0720097,22
tt0720148,22
tt0720141,22
tt0720101,22
tt0720174,22
tt0720055,22
tt0777565,22
tt0720182,22
tt0720133,22
tt0720214,22
tt0720050,22
tt0720202,22
tt0720207,22
tt0720053,22
tt0720098,22
tt0720057,22
tt0720137,22
tt0720197,22
tt0720211,22
tt0720138,22
tt0777561,22
tt0720062,22
tt0720185,22
tt0720120,22
tt0777563,22
tt0720178,22
tt0720110,22
tt0720201,22
tt0720063,22
tt0720111,22
tt0720213,22
tt0720046,22
tt0720107,22
tt0720159,22
tt0720209,22
tt0720051,22
tt0720203,22
tt0720131,22
tt0720096,22
tt0720066,22
tt0720169,22
tt0720164,22
tt0720045,22
tt0777564,22
tt0720136,22
tt0720091,22
tt0720189,22
tt4458716,45
tt0720194,22
tt0720128,22
tt0720108,22
tt0720054,22
tt0720114,22
tt0720156,22
tt0720135,22
tt0720049,22
tt0720210,22
tt0720171,22
tt0720208,22
tt0720067,22
tt0720060,22
tt0720168,22
tt0720113,22
tt0720140,22
tt0720071,22
tt0720139,22
tt0720206,22
tt0720090,22
tt0720044,22
tt0720043,22
tt0720173,22
tt0720160,22
tt0720193,22
tt0720056,22
tt0720163,22
tt0720212,22
tt0720132,22
tt0720088,22
tt0720093,22
tt0720204,22
tt0720172,22
tt0757761,22
tt0762534,22
tt0767644,22
tt0780946,22
tt0796168,22
tt0796169,22
tt0796167,22
tt0799370,22
tt0769458,22
tt0802894,22
tt0799723,22
tt0817466,22
tt5866450,49
tt6340206,49
tt6351700,49
tt6374498,53
tt6378404,47
tt6378414,48
tt6378424,48
tt6378430,48
tt6378446,49
tt6351698,47
tt6887628,49
tt6887636,49
tt6975126,49
tt7186580,45
tt7880680,45
tt7941636,45
tt7967172,45
tt8054536,46
tt8111968,45
tt8111972,46
tt8111974,45
tt8227804,45
tt8292740,44
tt8329046,45
tt8367054,45
tt8368550,46
tt8652208,45
tt9421726,45
tt8993280,45
tt9783638,46
tt9881516,45
tt10061642,46
tt10061656,46
tt10061664,46
tt10111020,46
tt10242924,46
tt10728712,45
tt10544282,46
tt10740318,46
tt6439846,43
tt6439842,43
tt6439850,43
tt6439852,43
tt6439856,43
tt6439858,43
tt6439854,43
tt6439848,43
tt6439860,42
tt6439864,43
tt6439862,43
tt6439866,43
tt6439868,43
tt6439870,46
tt6439884,43
tt6439876,43
tt6439880,43
tt6439882,43
tt0868440,22
tt0877241,22
tt0873237,22
tt0888293,22
tt0888292,31
tt0894520,30
tt0900677,30
tt0908674,42
tt0918835,21
tt0934246,22
tt0937879,28
tt0954759,21
tt0962460,21
tt0964922,22
tt0967814,21
tt0983623,30
tt0966362,21
tt1008441,21
tt1020711,29
tt1028389,28
tt1030253,42
tt1026035,42
tt1031459,42
tt1031470,42
tt1031472,42
tt1031473,22
tt1031474,30
tt1031475,30
tt1031476,30
tt1031477,30
tt1031449,30
tt1031450,21
tt1031451,22
tt1031452,30
tt1031453,42
tt1236462,43
tt1248743,22
tt1248747,22
tt1248748,30
tt1248749,22
tt1248750,22
tt1248751,30
tt1248752,30
tt1248753,22
tt1248733,30
tt1248734,30
tt1248735,22
tt1248736,60
tt1248737,30
tt1248738,30
tt1248739,22
tt1248740,30
tt1248741,30
tt1248742,30
tt1248745,30
tt1248744,22
tt1248746,30
tt1268727,30
tt1406712,22
tt1417507,30
tt1417732,30
tt1467798,30
tt1487740,30
tt1487741,30
tt1487742,30
tt5541236,19
tt1520196,30
tt1520197,30
tt1524878,30
tt1531589,30
tt1535367,23
tt1536326,30
tt1544466,30
tt1548747,30
tt1564719,30
tt1564720,30
tt1564721,30
tt1582153,30
tt1582154,30
tt1589333,30
tt1589334,23
tt1589335,30
tt1589336,30
tt1589337,30
tt1589338,30
tt1610228,30
tt1610229,30
tt1691733,30
tt1707764,30
tt1707765,30
tt1707766,30
tt1725593,30
tt1725594,30
tt1724495,23
tt1752582,30
tt1752583,30
tt1752581,30
tt1752584,60
tt1776740,30
tt1810331,30
tt1817005,30
tt1817006,22
tt1817007,30
tt1832204,30
tt1833194,30
tt1833195,30
tt1833196,23
tt1833197,50
tt1848618,23
tt1848619,23
tt1848620,42
tt2000321,23
tt2051718,23
tt2061513,23
tt2072796,23
tt2074990,23
tt2079359,23
tt2077604,23
tt2071306,23
tt2107510,23
tt2113519,23
tt2139249,23
tt2156255,23
tt2181631,23
tt2202113,23
tt2190001,23
tt2213999,23
tt2230719,23
tt2268001,23
tt2267999,23
tt2280881,23
tt2362659,23
tt2366113,23
tt2366115,23
tt2374269,23
tt2240226,23
tt2240224,23
tt2359466,23
tt2349780,22
tt2433396,22
tt2435600,22
tt2471292,22
tt2476014,22
tt2514850,22
tt2572724,22
tt2572726,22
tt2572728,22
tt2572732,22
tt2572734,22
tt2572738,22
tt2572740,42
tt2361870,22
tt2669734,22
tt2669736,22
tt2669744,22
tt2669740,43
tt2876480,42
tt2669746,51
tt2991722,52
tt0800320,106
tt0104431,120
tt0074285,98
tt0120812,98
tt0187078,118
tt0330793,124
tt0317919,126
tt3591824,57
tt3736868,46
tt3736866,46
tt3736870,44
tt3736874,55
tt3736872,49
tt3736876,51
tt3736878,51
tt3736882,51
tt3736880,45
tt5011946,53
tt5714376,46
tt5714386,46
tt5714396,56
tt5714398,52
tt5714400,54
tt5714404,54
tt5714406,56
tt5714408,53
tt4608554,59
tt4674946,54
tt4700648,56
tt4704400,56
tt4772192,59
tt4776698,57
tt4776696,59
tt4776710,56
tt4790002,56
tt4790766,57
tt4790768,57
tt4608560,56
tt5376026,56
tt5829294,57
tt5946238,58
tt5989406,57
tt6092996,59
tt6062920,57
tt6093000,58
tt6093004,58
tt6093006,55
tt5960350,58
tt5691466,60
tt6667762,59
tt7549654,55
tt7471904,57
tt7620520,57
tt7620518,55
tt7731480,58
tt7780756,58
tt7780758,51
tt7549638,58
tt7549642,58
tt6667766,55
tt8490712,54
tt9261354,58
tt9141488,55
tt9256906,59
tt9261360,58
tt9261364,60
tt9261366,59
tt9261368,56
tt9261372,58
tt9261374,59
tt9261376,60
tt8490718,60
tt1501844,29
tt1586274,22
tt1588504,22
tt1488675,22
tt1592911,22
tt1599448,22
tt1600236,22
tt1605844,22
tt1586773,22
tt1600234,22
tt1600235,22
tt1531132,22
tt1619510,22
tt1679357,24
tt1671021,22
tt1678107,22
tt1692534,23
tt1729410,21
tt1724343,22
tt1730805,22
tt1730806,22
tt1730807,22
tt1717256,22
tt1730804,22
tt1717257,22
tt1822452,24
tt2048032,22
tt2014508,22
tt2058780,22
tt2000694,22
tt2014509,22
tt2081643,22
tt2070931,22
tt2091520,22
tt2014507,22
tt1983061,22
tt2048031,22
tt2048033,21
tt2048034,21
tt1869908,59
tt1942198,55
tt0257106,83
tt1949652,57
tt1932848,57
tt2003074,53
tt2000696,56
tt2003075,57
tt1990487,60
tt2324143,55
tt2329081,58
tt2385363,55
tt2385365,57
tt2205536,59
tt2401265,53
tt2231476,59
tt2235140,58
tt2235138,58
tt2189936,60
tt0556296,62
tt0556297,56
tt0556306,52
tt0556299,58
tt0556312,55
tt0556304,52
tt0556292,49
tt0556310,55
tt0556303,58
tt0556301,53
tt0556300,58
tt0556308,60
tt0556286,49
tt0556287,51
tt0556302,58
tt0556307,53
tt0556295,57
tt0556309,51
tt0556298,51
tt0556293,50
tt0556289,48
tt0556288,49
tt0556313,47
tt0556291,55
tt0785280,53
tt0757186,55
tt0828745,51
tt0824887,58
tt0823912,56
tt0836899,53
tt0859272,52
tt0859273,53
tt0866567,55
tt0866568,56
tt0866569,54
tt0877058,56
tt1013977,53
tt1013981,56
tt1013982,52
tt1013983,53
tt1013984,56
tt1013986,55
tt1013987,49
tt1013985,53
tt1013988,50
tt1013978,55
tt1013979,51
tt1013980,51
tt1242111,58
tt1242115,49
tt1242116,49
tt1242117,54
tt1242118,49
tt1242119,54
tt1242120,58
tt1242121,54
tt1242122,51
tt1242112,50
tt1242113,51
tt1242114,51
tt1444418,54
tt1444422,49
tt1444423,51
tt1444424,55
tt1444425,49
tt1444426,55
tt1444427,53
tt1444428,54
tt1444429,51
tt1444419,57
tt1444420,51
tt1444421,51
tt1615586,53
tt1681772,50
tt1691535,49
tt1691360,51
tt1699327,50
tt1699544,49
tt1721224,48
tt1720655,52
tt1733347,55
tt1733346,53
tt1733345,47
tt1733344,56
tt1790076,54
tt1890880,53
tt1890881,50
tt1890882,52
tt1890883,51
tt1890884,54
tt1890885,52
tt1890886,52
tt1890887,50
tt1890877,49
tt1890878,48
tt1890879,51
tt2134715,55
tt2403521,59
tt2170724,56
tt2218408,54
tt2207888,57
tt2207890,54
tt2235984,53
tt2235982,58
tt2235988,57
tt2235986,54
tt2235996,57
tt2235994,56
tt2577702,53
tt2578758,57
tt2578760,49
tt2578762,50
tt2578764,48
tt2578770,55
tt2578776,53
tt2578778,52
tt2578782,55
tt2578788,53
tt2578790,52
tt2578802,56
tt2370419,42
tt2373027,42
tt2373029,42
tt2373031,43
tt2373033,41
tt2373035,41
tt2373037,44
tt2373039,43
tt2373041,43
tt2373019,44
tt2373021,44
tt2373023,44
tt2373025,43
tt3000124,42
tt3230882,42
tt3230884,42
tt3230886,42
tt3230890,42
tt3230896,42
tt3230898,42
tt3230894,44
tt3230900,43
tt3230904,44
tt3230906,44
tt3230910,44
tt3230908,44
tt3724578,43
tt3984450,44
tt3984452,44
tt3984456,44
tt4035340,44
tt4057954,44
tt4057962,44
tt4057974,44
tt4089740,44
tt4089746,44
tt4089748,44
tt4089752,44
tt4089754,43
tt1811020,55
tt1988308,50
tt1988309,49
tt2011518,50
tt2023998,55
tt2024865,49
tt2043149,58
tt2041952,49
tt2081742,49
tt2081741,48
tt2084389,54
tt2084390,84
tt2100961,55
tt2385581,48
tt2385583,54
tt2385585,49
tt2325080,56
tt2355180,52
tt2368314,51
tt2368332,47
tt2408792,46
tt2408796,52
tt2408794,63
tt0172495,155
tt1268799,90
tt0283111,92
tt0366551,88
tt0481536,114
tt0606110,22
tt0606111,22
tt0606117,22
tt0606112,22
tt0606109,22
tt0606116,23
tt0606108,23
tt0606113,22
tt0606104,22
tt0606115,23
tt0606114,23
tt0606118,23
tt0606106,23
tt0606119,23
tt0606107,23
tt0606105,22
tt0756504,23
tt0606103,22
tt0788623,23
tt0760776,22
tt0801608,23
tt0774239,23
tt0863640,22
tt0869673,22
tt0873024,22
tt0858000,22
tt0866188,23
tt0865115,23
tt0875360,23
tt0885871,23
tt0885872,23
tt0892578,23
tt0904645,23
tt0897111,23
tt0924673,23
tt0933496,22
tt0946316,30
tt0943657,23
tt0969965,22
tt0978049,23
tt0966112,23
tt0994245,30
tt0982196,22
tt1017766,23
tt1084790,22
tt1115217,22
tt1097293,22
tt1094834,22
tt1121411,22
tt1117436,22
tt1120228,22
tt1140904,22
tt1142665,22
tt1155839,21
tt1154186,22
tt1203040,22
tt1204516,22
tt1206872,21
tt1206866,22
tt1206867,22
tt1206868,22
tt1206869,22
tt1206870,22
tt1206871,22
tt1256606,22
tt1256181,30
tt1256185,22
tt1256186,30
tt1256187,22
tt1256188,21
tt1256189,30
tt1256190,22
tt1256191,30
tt1256171,22
tt1256172,30
tt1256173,30
tt1256175,30
tt1256174,30
tt1256176,30
tt1256177,30
tt1256178,30
tt1256179,30
tt1256180,30
tt1256182,30
tt1256184,30
tt1256183,30
tt1410619,30
tt1425523,30
tt1491272,30
tt1510422,30
tt1520584,22
tt1523038,22
tt1523745,30
tt1531287,30
tt1536724,30
tt1541289,30
tt1541288,22
tt1553522,30
tt1559709,30
tt1570154,30
tt1570155,30
tt1576524,30
tt1589779,30
tt1595724,30
tt1609315,30
tt1610780,30
tt1624286,30
tt1631001,30
tt1632014,30
tt1640994,30
tt1632015,30
tt1648494,30
tt1701804,22
tt1713733,30
tt1723669,30
tt1733369,30
tt1737327,60
tt1737328,30
tt1746026,30
tt1757176,22
tt1763611,30
tt1777828,22
tt1779155,30
tt1778997,30
tt1795967,30
tt1795956,22
tt1795957,30
tt1795958,30
tt1795959,22
tt1795960,22
tt1795961,22
tt1795962,22
tt1795963,22
tt1795964,21
tt1795965,21
tt1795966,21
tt1982341,22
tt2039807,22
tt2049132,22
tt2049980,22
tt2071800,21
tt2072524,22
tt2072525,22
tt2072526,22
tt2094413,22
tt2102769,22
tt2108075,22
tt2121966,22
tt2157459,22
tt2157457,21
tt2216757,20
tt2216759,22
tt2212411,22
tt2247489,22
tt2265943,22
tt2336905,21
tt2346207,22
tt2376741,22
tt2376743,21
tt2376745,22
tt2252518,22
tt2414774,22
tt2428798,22
tt2428796,22
tt2460610,22
tt2460618,22
tt2460620,22
tt2445770,22
tt2466704,22
tt2547538,22
tt2556002,21
tt2556008,22
tt2569148,20
tt2630114,22
tt2654452,22
tt2676388,22
tt2712100,22
tt2668726,22
tt2777232,22
tt2733014,22
tt2815916,21
tt2847436,22
tt2795770,22
tt2861788,22
tt2802532,21
tt3040972,21
tt3040980,22
tt3113690,22
tt3212666,22
tt3268352,22
tt3268354,22
tt3268356,22
tt3247720,22
tt3317356,22
tt3331436,21
tt3353092,20
tt3382270,21
tt3359400,22
tt3390680,22
tt3390684,23
tt3415286,22
tt3415288,21
tt3415292,22
tt3415296,22
tt3415298,22
tt3415300,22
tt3415302,22
tt3415304,22
tt1522554,50
tt1616292,41
tt1594763,38
tt1566258,41
tt1540598,42
tt1588042,41
tt1588574,41
tt1629832,41
tt1603625,41
tt1594360,40
tt1599645,40
tt1582924,40
tt1644780,42
tt1649567,46
tt1649572,41
tt1649573,40
tt1649574,39
tt1649575,39
tt1649576,38
tt1649577,41
tt1649578,41
tt1649579,43
tt1649568,41
tt1649569,37
tt1649570,41
tt1649571,43
tt2101875,43
tt2098233,40
tt2101003,41
tt2138455,41
tt2135436,40
tt2189413,42
tt2189415,38
tt2189417,39
tt2189419,41
tt2189405,41
tt2189407,40
tt2189409,39
tt2189411,40
tt2329771,45
tt2438010,40
tt1902752,40
tt2544102,39
tt2518872,40
tt2553904,40
tt2547398,40
tt2539204,46
tt2539210,42
tt2626368,39
tt2639552,40
tt2639562,39
tt2639568,40
tt2805108,49
tt3256702,45
tt3295904,45
tt3295906,44
tt3344892,49
tt3345508,50
tt3391708,44
tt3463962,43
tt3452770,52
tt3521128,51
tt3578400,42
tt3528744,46
tt3563852,51
tt3672562,51
tt4155322,45
tt4155332,46
tt4161952,43
tt4155334,46
tt4218350,43
tt4235538,48
tt4235544,46
tt4235540,41
tt4235548,40
tt4235552,44
tt4235558,43
tt4217814,48
tt0356150,92
tt0421715,166
tt0636289,42
tt0636290,40
tt0636294,43
tt0636300,42
tt0636303,42
tt0636284,42
tt0636298,43
tt0636275,43
tt0636292,43
tt0636291,42
tt0636272,42
tt0636302,43
tt0636282,43
tt0636293,43
tt0636283,41
tt0636288,43
tt0636268,43
tt0636286,43
tt0636277,43
tt0636276,43
tt0636296,43
tt0636273,43
tt0636279,43
tt0636280,43
tt6222548,43
tt0636285,43
tt0636271,42
tt0636287,43
tt0636278,43
tt0636269,42
tt0636270,43
tt0636299,46
tt0636274,42
tt0636301,46
tt0636295,43
tt0636297,43
tt0636281,43
tt0756934,44
tt0758090,44
tt0764076,46
tt0769314,43
tt0771860,43
tt0784695,46
tt0771861,43
tt0782394,43
tt0786169,46
tt0799198,45
tt0793130,87
tt0836956,43
tt0847791,43
tt0840616,42
tt0850964,43
tt0863695,43
tt0883770,43
tt0891077,43
tt0928284,43
tt0954439,43
tt0913743,43
tt0936198,43
tt0959403,43
tt0968992,43
tt0988050,42
tt0979596,43
tt0979595,43
tt0992243,43
tt0992244,43
tt0998660,43
tt1004798,84
tt0994348,43
tt0994359,43
tt0994363,43
tt0994364,43
tt0994365,43
tt0994366,43
tt0994367,43
tt0994368,43
tt0994369,43
tt0994349,43
tt0994350,44
tt0994351,43
tt0994352,40
tt1952703,44
tt1280267,43
tt1313407,42
tt1319361,43
tt1321693,43
tt1322105,43
tt1340502,43
tt1321692,46
tt1341555,43
tt1353861,43
tt1358333,42
tt1363399,43
tt1368702,43
tt1378943,43
tt1378944,43
tt1400160,43
tt1399779,42
tt2197294,42
tt1453335,41
tt2524344,43
tt1560343,43
tt1533421,43
tt1467640,44
tt1467641,42
tt1467642,43
tt1467643,43
tt1467644,48
tt1467629,43
tt1467630,43
tt1467631,43
tt1467632,43
tt1467633,43
tt1467634,43
tt1603637,43
tt1467635,105
tt15049668,43
tt0232500,106
tt0110475,101
tt0365830,94
tt0083944,93
tt0245844,131
tt0250223,107
tt0316654,127
tt4428472,45
tt4419730,50
tt0121955,22
tt4573270,51
tt1833285,56
tt2243973,44
tt4061080,50
tt4288962,40
tt4642824,32
tt4716766,37
tt4716772,33
tt4716776,36
tt4742280,36
tt4742284,30
tt4742294,27
tt4742296,27
tt4425192,33
tt4425194,28
tt5493206,30
tt5506790,29
tt5513490,29
tt5583058,27
tt5600456,32
tt5600458,26
tt5600460,29
tt5600464,31
tt5600466,35
tt5600468,34
tt4425196,34
tt6551386,
tt6648654,
tt6874532,
tt6928658,
tt6928662,
tt6928664,
tt6928670,
tt6957454,
tt6957468,
tt6957474,
tt6957476,
tt6957478,
tt4652838,62
tt4686038,48
tt4730018,45
tt4730026,45
tt4799588,49
tt4652854,54
tt4730002,46
tt4659980,46
tt4730012,45
tt4730014,45
tt4901088,41
tt5342606,42
tt5344704,63
tt5344766,65
tt5344796,51
tt5345894,50
tt5347278,49
tt5347318,46
tt5347322,49
tt5347330,43
tt5831628,47
tt5831630,47
tt5970530,53
tt6633686,47
tt6633688,49
tt6633692,46
tt6633696,45
tt6635194,45
tt6635200,47
tt6635212,47
tt6635210,48
tt6633682,57
tt7748418,60
tt8084154,47
tt8084160,47
tt8084164,49
tt8084166,49
tt8084172,46
tt8084176,56
tt8084178,44
tt8084180,47
tt8084184,45
tt8919312,52
tt8919318,44
tt10883092,51
tt3080196,11
tt4057144,12
tt4073776,12
tt4086010,12
tt4073796,12
tt4109292,11
tt4109296,12
tt4109302,11
tt4109304,11
tt4205118,12
tt4427974,11
tt5658298,11
tt5662340,11
tt5695410,11
tt5714046,11
tt5737914,11
tt5751826,11
tt5765698,11
tt5784476,11
tt5825060,11
tt5825126,11
tt0080453,104
tt1363447,21
tt1366779,21
tt1366780,21
tt1366781,21
tt1366782,21
tt1366783,21
tt1467703,21
tt1490874,21
tt1490293,21
tt1504600,21
tt1504148,21
tt1536813,21
tt1509675,21
tt1559848,21
tt1541365,21
tt1545370,21
tt1559854,21
tt1523800,21
tt1531526,21
tt1539432,21
tt1559850,21
tt1559852,21
tt1559849,21
tt1559853,21
tt1559857,21
tt1559851,21
tt1587573,21
tt1559855,21
tt1559856,30
tt1587572,21
tt2471500,58
tt2471502,58
tt2471506,56
tt2461634,59
tt2461632,57
tt2461638,55
tt3655782,59
tt3683570,58
tt3683572,59
tt3683574,58
tt3683578,58
tt3683576,59
tt4277144,56
tt4370544,57
tt4370546,58
tt4370550,54
tt4370554,56
tt4370552,57
tt5755998,60
tt6227888,57
tt6227890,59
tt6227892,57
tt6227900,57
tt6056650,60
tt5756000,56
tt6227902,58
tt6229668,58
tt6229670,57
tt6229672,55
tt6056652,65
tt2991728,55
tt2991746,59
tt2991752,54
tt2991742,50
tt2991764,59
tt2991762,56
tt3780302,55
tt3780304,53
tt3780308,59
tt3780310,51
tt3780314,57
tt3780316,55
tt3780320,50
tt3780322,56
tt3780326,56
tt3781008,57
tt4786300,60
tt4805826,54
tt4833968,52
tt4849368,56
tt4853882,57
tt4853880,49
tt4853884,44
tt4853878,54
tt4786304,56
tt0713618,44
tt0713624,44
tt0713613,44
tt0713617,43
tt0713611,44
tt0713622,42
tt0713615,41
tt0713612,44
tt0713623,43
tt0713610,44
tt0713620,43
tt0713614,44
tt0713619,50
tt0713616,55
tt0757750,55
tt0713621,55
tt0763064,55
tt0763065,55
tt0761316,44
tt0772002,60
tt0775325,55
tt0767486,55
tt0829063,50
tt0829062,55
tt0835248,50
tt0837741,42
tt0851031,48
tt0855641,47
tt0859555,50
tt0868625,42
tt0878590,47
tt0883872,49
tt0890836,49
tt0942145,47
tt0921622,50
tt0940441,50
tt0939444,48
tt0942786,40
tt0959976,47
tt0964436,50
tt1000536,50
tt0987715,50
tt0987713,50
tt0987714,55
tt1032129,49
tt1032134,43
tt1107710,50
tt1032135,50
tt1032137,50
tt1032138,50
tt1032139,50
tt1032140,42
tt1032141,40
tt1032130,55
tt1032132,55
tt1032131,55
tt1032133,42
tt1206073,41
tt1222593,50
tt1222594,50
tt0252866,108
tt0163651,95
tt0120484,90
tt0328828,96
tt1636826,88
tt0343660,99
tt0109686,107
tt1488555,112
tt0175142,88
tt0486551,110
tt5183578,48
tt1222611,50
tt1222612,60
tt1222610,55
tt1222613,43
tt1222614,42
tt1222615,41
tt1222616,43
tt1222596,43
tt1222597,43
tt1222598,43
tt1222599,55
tt1222600,43
tt1222601,43
tt1222602,43
tt1222603,43
tt1222604,43
tt1222605,43
tt1222607,40
tt1222608,43
tt1222609,43
tt1222595,55
tt1222606,50
tt1461906,60
tt1464088,60
tt1464089,60
tt1488983,60
tt1506849,42
tt1507550,42
tt1511910,60
tt1533530,60
tt1532469,60
tt1543420,60
tt1552579,60
tt1541419,60
tt1588681,60
tt1588682,60
tt1588256,60
tt1588255,60
tt1594854,60
tt1598673,60
tt1599805,60
tt1626754,60
tt1626753,42
tt1627706,42
tt1627717,41
tt1627721,41
tt1627722,40
tt1627724,42
tt1627723,60
tt1627725,41
tt1627726,42
tt1627727,43
tt1627707,60
tt1627708,42
tt1627709,60
tt1627710,60
tt1627711,60
tt1627712,42
tt1627713,60
tt1627715,60
tt1627714,60
tt1627716,60
tt1627718,60
tt1627719,60
tt1864037,43
tt1995102,43
tt1995113,43
tt1995118,42
tt1995119,43
tt1995120,42
tt1995121,43
tt1995122,42
tt1995123,40
tt1995124,41
tt1995103,42
tt1995104,43
tt1995105,43
tt1995106,42
tt1995107,42
tt1995108,43
tt1995109,43
tt1995110,43
tt1995111,43
tt1995112,42
tt1995114,43
tt1995115,42
tt1995116,43
tt1995117,42
tt2373078,42
tt2404088,42
tt2293862,40
tt2323362,42
tt2388382,43
tt2372414,43
tt2425360,43
tt2426140,43
tt2426138,43
tt2425378,43
tt2498912,43
tt0381707,109
tt0120746,136
tt0362120,83
tt0396269,119
tt5931646,57
tt5931648,47
tt5931652,53
tt5937294,53
tt5941434,53
tt5943926,55
tt5931656,60
tt5943930,50
tt5943932,50
tt5943928,47
tt6849500,56
tt7435238,55
tt7435240,58
tt7435246,52
tt7435248,58
tt7435250,55
tt7435252,52
tt7435254,57
tt7435256,55
tt7435258,48
tt7435260,54
tt7435264,63
tt7435244,54
tt8363118,49
tt9364446,51
tt9364456,50
tt9364002,50
tt9399406,49
tt9471720,51
tt9754688,46
tt9754692,65
tt9399412,55
tt9471724,45
tt9471726,46
tt9471728,48
tt9754680,52
tt5124962,44
tt5255258,43
tt4925292,94
tt0829482,113
tt1245492,107
tt0405159,132
tt0066765,88
tt1160419,155
tt1068680,104
tt0162661,105
tt0099487,105
tt0118789,110
tt1333125,94
tt0377818,104
tt0111257,116
tt1134629,98
tt2720680,92
tt1073498,87
tt0332452,163
tt0071853,91
tt0087843,229
tt0145487,121
tt0118971,144
tt0120338,194
tt0515236,21
tt0515256,22
tt0515212,22
tt0515223,21
tt0515214,21
tt0515257,21
tt0515221,21
tt0515231,21
tt0515247,22
tt0515235,22
tt0515210,22
tt0515244,22
tt0515246,22
tt0515208,22
tt0515222,22
tt0515228,22
tt0515211,22
tt0515224,22
tt0515226,22
tt0515258,22
tt0515232,22
tt0515238,22
tt0515253,30
tt0515254,30
tt0515209,30
tt0515219,30
tt0515243,30
tt0515207,30
tt0515248,30
tt0515239,30
tt0515213,30
tt0515240,30
tt0515234,30
tt0515220,30
tt0515229,30
tt0515251,30
tt0515255,30
tt0515227,30
tt0515245,30
tt0515241,30
tt0515250,22
tt0515249,30
tt0515218,30
tt0515233,30
tt0515230,30
tt0515252,30
tt0515237,30
tt0515225,30
tt0515242,30
tt0515216,30
tt0515217,30
tt0515215,30
tt0757386,23
tt2128813,32
tt2128815,29
tt2128816,29
tt2128817,32
tt2128818,28
tt2128819,36
tt2128820,36
tt2128821,37
tt2128822,34
tt2128814,35
tt2495824,37
tt2604336,34
tt2604334,34
tt2604338,36
tt2826310,33
tt4589902,26
tt4861452,28
tt4861456,27
tt4861458,28
tt4861460,27
tt4861462,33
tt4861466,31
tt4861470,36
tt4861472,27
tt4861478,25
tt4861482,23
tt4861486,25
tt4861484,28
tt4861490,28
tt4861494,30
tt4589904,47
tt0110148,123
tt0367594,115
tt0398808,96
tt5253620,49
tt5339002,45
tt0362165,94
tt0290334,134
tt5374770,42
tt5562344,51
tt5339026,46
tt0110366,82
tt0382625,149
tt10370710,128
tt7961060,100
tt10698464,58
tt10906292,59
tt10062310,59
tt10062312,65
tt10062314,46
tt10062318,49
tt10062320,48
tt10062322,60
tt11138512,137
tt10906300,58
tt10906306,59
tt10906296,55
tt10906308,81
tt1877830,176
tt0242423,83
tt0075314,114
tt1284388,56
tt1259489,46
tt1261700,55
tt1261701,55
tt1261702,55
tt1261703,55
tt1261704,55
tt1261705,50
tt1261706,50
tt1261707,50
tt1261696,50
tt1261697,50
tt1261698,59
tt1303554,55
tt1303559,55
tt1303560,55
tt1303561,55
tt1303562,60
tt1303563,55
tt1303564,45
tt1303565,55
tt1303566,60
tt1303555,60
tt1303556,55
tt1303557,70
tt1303558,62
tt1559905,60
tt1559910,60
tt1559911,60
tt1559912,60
tt1559913,46
tt1559914,42
tt1559915,44
tt1559916,53
tt1559917,44
tt1559906,47
tt1559907,47
tt1559908,47
tt1559909,57
tt1989270,57
tt1974884,48
tt1989269,43
tt1977537,43
tt1989268,45
tt2016680,42
tt2010656,43
tt2021956,46
tt2050258,46
tt2049291,42
tt2085522,56
tt2083709,48
tt2105914,46
tt2105915,42
tt2175526,58
tt2254710,49
tt2222136,47
tt2254722,45
tt2254728,45
tt2315090,47
tt2315092,44
tt2315094,46
tt2315100,50
tt2315096,59
tt2315098,59
tt2315102,59
tt2315104,60
tt2966864,60
tt2524432,62
tt2980966,54
tt3155914,65
tt3180174,65
tt3198434,65
tt3212886,52
tt3147428,55
tt3175848,65
tt3188850,64
tt3240506,64
tt3240508,66
tt3240510,84
tt3383464,73
tt3894464,52
tt3838552,53
tt3898634,51
tt3901218,55
tt3902190,61
tt3901214,61
tt3902192,57
tt3908440,61
tt3903590,70
tt3908442,72
tt3903588,77
tt3885886,77
tt1973786,90
tt1973785,60
tt1976882,60
tt1977541,45
tt2003931,45
tt1973787,42
tt1987364,42
tt1987365,43
tt1985804,45
tt1986650,45
tt1995990,45
tt2014019,45
tt2185442,48
tt2397283,43
tt2199752,43
tt2199756,43
tt2253942,43
tt2199758,43
tt2268628,43
tt2305044,43
tt2310538,43
tt2310526,43
tt2583678,43
tt2583680,43
tt2583682,43
tt2660120,43
tt2671864,43
tt2560618,50
tt2529130,47
tt2850832,43
tt2983982,44
tt2983986,43
tt2983988,42
tt2983994,43
tt2983996,43
tt3053154,42
tt3132574,43
tt3132584,47
tt3563802,42
tt3570124,43
tt3591456,42
tt3599424,42
tt3607734,43
tt3639420,45
tt3285896,44
tt3783016,42
tt3800126,42
tt3832646,44
tt3839596,42
tt3839598,43
tt3881112,44
tt3895112,42
tt3953700,42
tt3923868,43
tt4231052,43
tt4383488,43
tt4410566,44
tt3951374,44
tt4434386,43
tt4454772,45
tt4503862,43
tt4649068,43
tt4649074,43
tt4800888,44
tt4845228,43
tt4779252,42
tt4815634,44
tt4905626,44
tt4923722,44
tt4938410,45
tt5176286,45
tt5181364,43
tt5181368,42
tt5181370,42
tt5181372,43
tt5181374,45
tt5498940,41
tt5513372,42
tt5895102,41
tt5895096,42
tt5895106,42
tt5895108,43
tt5895110,42
tt5895112,42
tt5880940,41
tt5880946,44
tt5880950,43
tt5880956,42
tt5880960,43
tt5895116,41
tt5937920,41
tt5937924,44
tt5934988,45
tt5937932,41
tt7006210,41
tt6896678,41
tt6949856,43
tt7022000,41
tt7016302,43
tt7027760,44
tt7222256,42
tt7222258,45
tt7222260,41
tt7222262,43
tt7222264,44
tt7222270,42
tt7222272,55
tt7222268,44
tt4578466,43
tt4941520,43
tt5068464,44
tt5015108,44
tt5019538,43
tt5030014,43
tt5060376,42
tt5158338,43
tt5135540,43
tt5182064,43
tt5182070,43
tt5182072,43
tt5182074,43
tt5182076,43
tt5155304,43
tt5182078,43
tt5182084,43
tt5182088,43
tt5182086,43
tt5182092,43
tt5182096,42
tt5182098,43
tt5640786,43
tt3381714,42
tt4045862,43
tt3977666,43
tt4061178,43
tt4054174,44
tt4109836,43
tt4094332,43
tt4156774,43
tt4210902,43
tt4283600,42
tt4287704,43
tt4355076,43
tt4378652,42
tt4454532,43
tt4472210,42
tt4491502,42
tt4509728,43
tt4527132,43
tt4578464,43
tt4558970,43
tt4578448,43
tt4578450,43
tt2920128,45
tt3173404,41
tt3173406,42
tt3173408,41
tt3173410,43
tt3265304,42
tt3277226,43
tt3276448,42
tt3276450,42
tt3276452,42
tt3276454,43
tt3276456,43
tt3276458,43
tt3276460,42
tt3276462,42
tt3276464,42
tt3276466,43
tt3276468,42
tt3276470,43
tt3276472,42
tt3276474,42
tt3276476,43
tt5257552,42
tt6047394,43
tt6047396,43
tt5992968,43
tt4227538,68
tt4562758,58
tt4625856,59
tt4625862,58
tt4625866,56
tt4630544,57
tt4630546,56
tt4458814,57
tt5220026,58
tt5229638,90
tt6243294,70
tt6243296,58
tt6243298,59
tt6243300,71
tt6243302,58
tt6243304,58
tt6243306,58
tt6243308,58
tt6243310,59
tt6243312,90
tt10011160,76
tt10011158,59
tt10011156,58
tt10011154,58
tt10011152,60
tt10011150,59
tt9899922,59
tt8358332,68
tt2283336,114
tt1981115,112
tt3501632,130
tt9419884,126
tt10573616,54
tt10573618,37
tt10573620,
tt10573622,44
tt10573624,52
tt1131729,135
tt10573626,53
tt10573628,
tt10573630,50
tt10573632,
tt10573634,46
tt12191076,52
tt0120903,104
tt15068862,48
tt15134338,55
tt15176904,50
tt15452848,59
tt15541082,57
tt15541086,52
tt15723862,
tt0473075,116
tt9788618,65
tt10582302,67
tt0120616,124
tt0086250,170
tt0167404,107
tt0120382,103
tt0110413,110
tt10693728,
tt11908150,
tt1253863,102
tt12724658,
tt12064154,
tt11997184,
tt13278800,
tt13432982,
tt11609034,69
tt8267604,126
tt13432984,
tt11198338,63
tt11198340,63
tt13432986,
tt13438092,
tt13450684,
tt14482482,
tt14482484,
tt10648342,118
tt11609038,71
tt11609040,72
tt0363163,156
tt11198346,67
tt0861739,115
tt1555149,115
tt0197139,38
tt11198348,
tt11609042,
tt11609046,
tt2169102,46
tt2333756,44
tt2386714,44
tt2386716,44
tt2457176,44
tt2161128,44
tt2481792,42
tt2522196,44
tt2479358,43
tt2579104,44
tt2649034,44
tt2649068,45
tt2675842,44
tt2675850,44
tt2675848,43
tt2751234,43
tt3196602,43
tt3241172,43
tt3241174,41
tt3253608,42
tt3464706,42
tt3325864,43
tt3401836,43
tt3520038,43
tt3551746,43
tt3501804,42
tt3554012,43
tt3531520,43
tt3588286,43
tt3588288,43
tt3587392,43
tt4173488,44
tt4139568,43
tt4166390,43
tt4244852,43
tt4220150,44
tt4227738,44
tt4294382,43
tt4345124,44
tt4346402,43
tt4483502,43
tt4501568,44
tt4507248,43
tt4630394,43
tt4630396,44
tt0678483,42
tt0678475,44
tt0678477,43
tt0678478,44
tt0678480,44
tt0678484,60
tt0678482,60
tt0678486,60
tt0678487,60
tt0678485,60
tt0678476,60
tt0678481,60
tt0678479,60
tt0761211,60
tt0761209,60
tt0761208,60
tt0782518,60
tt0789620,60
tt0761210,60
tt0761212,60
tt0769383,60
tt0799332,60
tt5705890,26
tt5908776,26
tt5908778,25
tt5707984,26
tt5908780,23
tt5908782,25
tt6733136,26
tt9679520,26
tt9679522,23
tt9679524,27
tt9679526,23
tt6733140,26
tt6857118,18
tt6916926,22
tt6916932,21
tt6916940,21
tt7054032,20
tt7155598,22
tt7027472,21
tt7155610,19
tt8880862,25
tt9574650,19
tt10540520,22
tt10540524,24
tt10540534,21
tt10540538,19
tt10540540,24
tt10540548,19
tt1610527,22
tt11609048,
tt9606374,96
tt0335266,102
tt14296084,66
tt15567436,50
tt15567438,55
tt15329968,46
tt15567480,52
tt15315082,47
tt15567440,57
tt15567442,55
tt15567444,47
tt15567450,51
tt5449928,45
tt5478564,43
tt5339034,45
tt4759442,53
tt5774874,48
tt6261578,49
tt6261580,45
tt6261582,46
tt6261584,49
tt6261586,44
tt14077386,
tt14077394,
tt14077396,
tt14077400,
tt14077402,
tt14077404,
tt14077408,
tt14077406,
tt1832382,123
tt6263000,46
tt6263002,50
tt6263006,51
tt6263008,49
tt6263014,44
tt6263012,51
tt5780828,57
tt0348914,55
tt2149175,44
tt0804503,47
tt10155688,60
tt9140554,53
tt5516154,452
tt2699128,60
tt5071412,60
tt1856010,51
tt10986410,30
tt1439629,22
tt4998350,60
tt0386676,22
tt0098936,47
tt5555260,45
tt5574490,60
tt0165598,22
tt2628232,60
tt2707408,49
tt4270492,60
tt1344204,22
tt1833285,56
tt0773262,53
tt2243973,44
tt1796960,55
tt0460649,22
tt1489428,44
tt0411008,44
tt4061080,50
tt4158110,49
tt2950342,15
tt1266020,22
tt2442560,60
tt0460681,44
tt5834204,60
tt0367279,22
tt10048342,60
tt1124373,45
tt1632701,44
tt2741602,43
tt0475784,62
tt1751634,45
tt7631058,
tt11198330,
tt2071645,43
tt0455275,44
tt5687612,27
tt6257970,25
tt11712058,
tt13443470,
